"name","type","rushYds","rushTds","recYds","recTds","passYds","passTds","fgs0.20","fgs20.30","fgs30.40","fgs40.50","fgs50.inf","score","rank"
"Drew Brees","qb",15,1,0,0,5177,43,0,0,0,0,0,386.58,1
"Tom Brady","qb",23,4,0,0,4827,34,0,0,0,0,0,355.38,2
"Aaron Rodgers","qb",54,2,0,0,4295,39,0,0,0,0,0,345.2,3
"Peyton Manning","qb",23,0,0,0,4659,37,0,0,0,0,0,336.66,4
"Matt Ryan","qb",34,1,0,0,4719,32,0,0,0,0,0,326.16,5
"Tony Romo","qb",30,1,0,0,4903,28,0,0,0,0,0,317.12,6
"Adrian Peterson","rb",2097,12,217,1,0,0,0,0,0,0,0,309.4,7
"Matthew Stafford","qb",35,4,0,0,4967,20,0,0,0,0,0,306.18,8
"Andrew Luck","qb",62,5,0,0,4374,23,0,0,0,0,0,303.16,9
"Cam Newton","qb",127,8,0,0,3869,19,0,0,0,0,0,291.46,10
"Andy Dalton","qb",47,4,0,0,3669,27,0,0,0,0,0,283.46,11
"Josh Freeman","qb",39,0,0,0,4065,27,0,0,0,0,0,274.5,12
"Arian Foster","rb",1424,15,217,2,0,0,0,0,0,0,0,266.1,13
"Doug Martin","rb",1454,11,472,1,0,0,0,0,0,0,0,264.6,14
"Eli Manning","qb",20,0,0,0,3948,26,0,0,0,0,0,263.92,15
"Russell Wilson","qb",94,4,0,0,3118,26,0,0,0,0,0,262.12,16
"Robert Griffin III","qb",120,7,0,0,3200,20,0,0,0,0,0,262,17
"Joe Flacco","qb",32,3,0,0,3817,22,0,0,0,0,0,261.88,18
"Carson Palmer","qb",18,1,0,0,4018,22,0,0,0,0,0,256.52,19
"Philip Rivers","qb",27,0,0,0,3606,26,0,0,0,0,0,250.94,20
"Marshawn Lynch","rb",1590,11,196,1,0,0,0,0,0,0,0,250.6,21
"Matt Schaub","qb",21,0,0,0,4008,22,0,0,0,0,0,250.42,22
"Alfred Morris","rb",1613,13,77,0,0,0,0,0,0,0,0,247,23
"Ryan Fitzpatrick","qb",48,1,0,0,3400,24,0,0,0,0,0,242.8,24
"Sam Bradford","qb",37,1,0,0,3702,21,0,0,0,0,0,241.78,25
"Ben Roethlisberger","qb",26,0,0,0,3265,26,0,0,0,0,0,237.2,26
"Calvin Johnson","wr",0,0,1964,5,0,0,0,0,0,0,0,226.4,27
"Ray Rice","rb",1143,9,478,1,0,0,0,0,0,0,0,222.1,28
"C.J. Spiller","rb",1244,6,459,2,0,0,0,0,0,0,0,218.3,29
"Brandon Marshall","wr",0,0,1508,11,0,0,0,0,0,0,0,216.8,30
"Jamaal Charles","rb",1509,5,236,1,0,0,0,0,0,0,0,210.5,31
"Dez Bryant","wr",0,0,1382,12,0,0,0,0,0,0,0,210.2,32
"Christian Ponder","qb",60,2,0,0,2935,18,0,0,0,0,0,207.4,33
"Trent Richardson","rb",950,11,367,1,0,0,0,0,0,0,0,203.7,34
"Stevan Ridley","rb",1263,12,51,0,0,0,0,0,0,0,0,203.4,35
"Demaryius Thomas","wr",0,0,1434,10,0,0,0,0,0,0,0,203.4,36
"Jay Cutler","qb",41,0,0,0,3033,19,0,0,0,0,0,201.42,37
"A.J. Green","wr",0,0,1350,11,0,0,0,0,0,0,0,201,38
"Frank Gore","rb",1214,8,234,1,0,0,0,0,0,0,0,198.8,39
"Ryan Tannehill","qb",49,2,0,0,3294,12,0,0,0,0,0,196.66,40
"Brandon Weeden","qb",27,0,0,0,3385,14,0,0,0,0,0,194.1,41
"Vincent Jackson","wr",0,0,1384,8,0,0,0,0,0,0,0,186.4,42
"Eric Decker","wr",0,0,1064,13,0,0,0,0,0,0,0,184.4,43
"Andre Johnson","wr",0,0,1598,4,0,0,0,0,0,0,0,183.8,44
"Chris Johnson","rb",1243,6,232,0,0,0,0,0,0,0,0,183.5,45
"Julio Jones","wr",0,0,1198,10,0,0,0,0,0,0,0,179.8,46
"Matt Forte","rb",1094,5,340,1,0,0,0,0,0,0,0,179.4,47
"Roddy White","wr",0,0,1351,7,0,0,0,0,0,0,0,177.1,48
"Reggie Bush","rb",986,6,292,2,0,0,0,0,0,0,0,175.8,49
"Marques Colston","wr",0,0,1154,10,0,0,0,0,0,0,0,175.4,50
"Wes Welker","wr",0,0,1354,6,0,0,0,0,0,0,0,171.4,51
"Mark Sanchez","qb",22,0,0,0,2883,13,0,0,0,0,0,169.52,52
"Shonn Greene","rb",1063,8,151,0,0,0,0,0,0,0,0,169.4,53
"Victor Cruz","wr",0,0,1092,10,0,0,0,0,0,0,0,169.2,54
"Reggie Wayne","wr",0,0,1355,5,0,0,0,0,0,0,0,165.5,55
"Michael Crabtree","wr",0,0,1105,9,0,0,0,0,0,0,0,164.5,56
"James Jones","wr",0,0,784,14,0,0,0,0,0,0,0,162.4,57
"Ahmad Bradshaw","rb",1015,6,245,0,0,0,0,0,0,0,0,162,58
"Steven Jackson","rb",1042,4,321,0,0,0,0,0,0,0,0,160.3,59
"Michael Turner","rb",800,10,128,1,0,0,0,0,0,0,0,158.8,60
"BenJarvus Green-Ellis","rb",1094,6,104,0,0,0,0,0,0,0,0,155.8,61
"Mikel Leshoure","rb",798,9,214,0,0,0,0,0,0,0,0,155.2,62
"Michael Vick","qb",62,1,0,0,2362,12,0,0,0,0,0,154.68,63
"Mike Williams","wr",0,0,996,9,0,0,0,0,0,0,0,153.6,64
"Jimmy Graham","te",0,0,982,9,0,0,0,0,0,0,0,152.2,65
"LeSean McCoy","rb",840,2,373,3,0,0,0,0,0,0,0,151.3,66
"Randall Cobb","wr",0,0,954,9,0,0,0,0,0,0,0,149.4,67
"Colin Kaepernick","qb",63,5,0,0,1814,10,0,0,0,0,0,148.86,68
"Rob Gronkowski","te",0,0,790,11,0,0,0,0,0,0,0,145,69
"Steve Smith","wr",0,0,1174,4,0,0,0,0,0,0,0,141.4,70
"Tony Gonzalez","te",0,0,930,8,0,0,0,0,0,0,0,141,71
"Stevie Johnson","wr",0,0,1046,6,0,0,0,0,0,0,0,140.6,72
"Lance Moore","wr",0,0,1041,6,0,0,0,0,0,0,0,140.1,73
"Cecil Shorts","wr",0,0,979,7,0,0,0,0,0,0,0,139.9,74
"Darren Sproles","rb",244,1,667,7,0,0,0,0,0,0,0,139.1,75
"Jake Locker","qb",41,1,0,0,2176,10,0,0,0,0,0,137.14,76
"Chad Henne","qb",19,1,0,0,2084,11,0,0,0,0,0,135.26,77
"DeAngelo Williams","rb",737,5,187,2,0,0,0,0,0,0,0,134.4,78
"T.Y. Hilton","wr",0,0,861,8,0,0,0,0,0,0,0,134.1,79
"Torrey Smith","wr",0,0,855,8,0,0,0,0,0,0,0,133.5,80
"Mike Wallace","wr",0,0,836,8,0,0,0,0,0,0,0,131.6,81
"Miles Austin","wr",0,0,943,6,0,0,0,0,0,0,0,130.3,82
"Heath Miller","te",0,0,816,8,0,0,0,0,0,0,0,129.6,83
"Jeremy Maclin","wr",0,0,857,7,0,0,0,0,0,0,0,127.7,84
"Alex Smith","qb",31,0,0,0,1737,13,0,0,0,0,0,124.58,85
"Jason Witten","te",0,0,1039,3,0,0,0,0,0,0,0,121.9,86
"Willis McGahee","rb",731,4,221,0,0,0,0,0,0,0,0,119.2,87
"Sidney Rice","wr",0,0,748,7,0,0,0,0,0,0,0,116.8,88
"Danny Woodhead","rb",301,4,446,3,0,0,0,0,0,0,0,116.7,89
"Justin Blackmon","wr",0,0,865,5,0,0,0,0,0,0,0,116.5,90
"Jordy Nelson","wr",0,0,745,7,0,0,0,0,0,0,0,116.5,91
"Anquan Boldin","wr",0,0,921,4,0,0,0,0,0,0,0,116.1,92
"Denarius Moore","wr",0,0,741,7,0,0,0,0,0,0,0,116.1,93
"DeMarco Murray","rb",663,4,251,0,0,0,0,0,0,0,0,115.4,94
"Brandon Lloyd","wr",0,0,911,4,0,0,0,0,0,0,0,115.1,95
"Vick Ballard","rb",814,2,152,1,0,0,0,0,0,0,0,114.6,96
"Darren McFadden","rb",707,2,258,1,0,0,0,0,0,0,0,114.5,97
"Brian Hartline","wr",0,0,1083,1,0,0,0,0,0,0,0,114.3,98
"Greg Olsen","te",0,0,843,5,0,0,0,0,0,0,0,114.3,99
"Malcom Floyd","wr",0,0,814,5,0,0,0,0,0,0,0,111.4,100
"Golden Tate","wr",0,0,688,7,0,0,0,0,0,0,0,110.8,101
"Josh Gordon","wr",0,0,805,5,0,0,0,0,0,0,0,110.5,102
"Dennis Pitta","te",0,0,669,7,0,0,0,0,0,0,0,108.9,103
"Antonio Brown","wr",0,0,787,5,0,0,0,0,0,0,0,108.7,104
"Joique Bell","rb",414,3,485,0,0,0,0,0,0,0,0,107.9,105
"Danario Alexander","wr",0,0,658,7,0,0,0,0,0,0,0,107.8,106
"Owen Daniels","te",0,0,716,6,0,0,0,0,0,0,0,107.6,107
"Andre Roberts","wr",0,0,759,5,0,0,0,0,0,0,0,105.9,108
"Santana Moss","wr",0,0,573,8,0,0,0,0,0,0,0,105.3,109
"Brandon Myers","te",0,0,806,4,0,0,0,0,0,0,0,104.6,110
"Matt Cassel","qb",27,1,0,0,1796,6,0,0,0,0,0,104.54,111
"Blaine Gabbert","qb",18,0,0,0,1662,9,0,0,0,0,0,104.28,112
"Larry Fitzgerald","wr",0,0,798,4,0,0,0,0,0,0,0,103.8,113
"Jermaine Gresham","te",0,0,737,5,0,0,0,0,0,0,0,103.7,114
"Kyle Rudolph","te",0,0,493,9,0,0,0,0,0,0,0,103.3,115
"Ryan Mathews","rb",707,1,252,0,0,0,0,0,0,0,0,101.9,116
"Jeremy Kerley","wr",0,0,827,3,0,0,0,0,0,0,0,100.7,117
"Brandon Gibson","wr",0,0,691,5,0,0,0,0,0,0,0,99.1,118
"Nick Foles","qb",11,1,0,0,1699,6,0,0,0,0,0,99.06,119
"Nate Washington","wr",0,0,746,4,0,0,0,0,0,0,0,98.6,120
"Dwayne Bowe","wr",0,0,801,3,0,0,0,0,0,0,0,98.1,121
"Felix Jones","rb",402,3,262,2,0,0,0,0,0,0,0,96.4,122
"Donnie Avery","wr",0,0,781,3,0,0,0,0,0,0,0,96.1,123
"Antonio Gates","te",0,0,538,7,0,0,0,0,0,0,0,95.8,124
"Andre Brown","rb",385,8,86,0,0,0,0,0,0,0,0,95.1,125
"Pierre Thomas","rb",473,1,354,1,0,0,0,0,0,0,0,94.7,126
"Knowshon Moreno","rb",525,4,167,0,0,0,0,0,0,0,0,93.2,127
"Mark Ingram","rb",602,5,29,0,0,0,0,0,0,0,0,93.1,128
"Scott Chandler","te",0,0,571,6,0,0,0,0,0,0,0,93.1,129
"Martellus Bennett","te",0,0,626,5,0,0,0,0,0,0,0,92.6,130
"Brandon LaFell","wr",0,0,677,4,0,0,0,0,0,0,0,91.7,131
"Percy Harvin","wr",0,0,677,4,0,0,0,0,0,0,0,91.7,132
"Darrius Heyward-Bey","wr",0,0,606,5,0,0,0,0,0,0,0,90.6,133
"Fred Jackson","rb",437,3,217,1,0,0,0,0,0,0,0,89.4,134
"Greg Little","wr",0,0,647,4,0,0,0,0,0,0,0,88.7,135
"Jacquizz Rodgers","rb",362,1,402,1,0,0,0,0,0,0,0,88.4,136
"Chris Givens","wr",0,0,698,3,0,0,0,0,0,0,0,87.8,137
"Pierre Garcon","wr",0,0,633,4,0,0,0,0,0,0,0,87.3,138
"Hakeem Nicks","wr",0,0,692,3,0,0,0,0,0,0,0,87.2,139
"Mike Tolbert","rb",183,7,268,0,0,0,0,0,0,0,0,87.1,140
"Kendall Wright","wr",0,0,626,4,0,0,0,0,0,0,0,86.6,141
"Kevin Kolb","qb",16,1,0,0,1169,8,0,0,0,0,0,86.36,142
"Bryce Brown","rb",564,4,56,0,0,0,0,0,0,0,0,86,143
"Jonathan Dwyer","rb",623,2,106,0,0,0,0,0,0,0,0,84.9,144
"Vernon Davis","te",0,0,548,5,0,0,0,0,0,0,0,84.8,145
"Danny Amendola","wr",0,0,666,3,0,0,0,0,0,0,0,84.6,146
"Brandon Stokley","wr",0,0,544,5,0,0,0,0,0,0,0,84.4,147
"Matt Hasselbeck","qb",13,0,0,0,1367,7,0,0,0,0,0,83.98,148
"Davone Bess","wr",0,0,778,1,0,0,0,0,0,0,0,83.8,149
"Kenny Britt","wr",0,0,589,4,0,0,0,0,0,0,0,82.9,150
"Marcel Reece","rb",271,0,496,1,0,0,0,0,0,0,0,82.7,151
"DeSean Jackson","wr",0,0,700,2,0,0,0,0,0,0,0,82,152
"Bilal Powell","rb",437,4,140,0,0,0,0,0,0,0,0,81.7,153
"Michael Bush","rb",411,5,83,0,0,0,0,0,0,0,0,79.4,154
"Jermichael Finley","te",0,0,667,2,0,0,0,0,0,0,0,78.7,155
"Aaron Hernandez","te",0,0,483,5,0,0,0,0,0,0,0,78.3,156
"Marcedes Lewis","te",0,0,540,4,0,0,0,0,0,0,0,78,157
"Isaac Redman","rb",410,2,244,0,0,0,0,0,0,0,0,77.4,158
"Andrew Hawkins","wr",0,0,533,4,0,0,0,0,0,0,0,77.3,159
"Rod Streater","wr",0,0,584,3,0,0,0,0,0,0,0,76.4,160
"Jared Cook","te",0,0,523,4,0,0,0,0,0,0,0,76.3,161
"Lance Kendricks","te",0,0,519,4,0,0,0,0,0,0,0,75.9,162
"Brandon Pettigrew","te",0,0,567,3,0,0,0,0,0,0,0,74.7,163
"Brent Celek","te",0,0,684,1,0,0,0,0,0,0,0,74.4,164
"Leonard Hankerson","wr",0,0,543,3,0,0,0,0,0,0,0,72.3,165
"Daniel Thomas","rb",325,4,156,0,0,0,0,0,0,0,0,72.1,166
"LaRod Stephens-Howling","rb",356,4,106,0,0,0,0,0,0,0,0,70.2,167
"Dwayne Allen","te",0,0,521,3,0,0,0,0,0,0,0,70.1,168
"David Wilson","rb",358,4,34,1,0,0,0,0,0,0,0,69.2,169
"Domenik Hixon","wr",0,0,567,2,0,0,0,0,0,0,0,68.7,170
"Emmanuel Sanders","wr",0,0,626,1,0,0,0,0,0,0,0,68.6,171
"Donald Jones","wr",0,0,443,4,0,0,0,0,0,0,0,68.3,172
"Michael Floyd","wr",0,0,562,2,0,0,0,0,0,0,0,68.2,173
"Benjamin Watson","te",0,0,501,3,0,0,0,0,0,0,0,68.1,174
"Kevin Ogletree","wr",0,0,436,4,0,0,0,0,0,0,0,67.6,175
"Jacob Tamme","te",0,0,555,2,0,0,0,0,0,0,0,67.5,176
"Dallas Clark","te",0,0,435,4,0,0,0,0,0,0,0,67.5,177
"Jackie Battle","rb",311,3,108,1,0,0,0,0,0,0,0,65.9,178
"Joel Dreessen","te",0,0,356,5,0,0,0,0,0,0,0,65.6,179
"Jason Avant","wr",0,0,648,0,0,0,0,0,0,0,0,64.8,180
"Jacoby Jones","wr",0,0,406,4,0,0,0,0,0,0,0,64.6,181
"Shane Vereen","rb",251,3,149,1,0,0,0,0,0,0,0,64,182
"Bernard Pierce","rb",532,1,47,0,0,0,0,0,0,0,0,63.9,183
"Daryl Richardson","rb",475,0,163,0,0,0,0,0,0,0,0,63.8,184
"Kevin Walter","wr",0,0,518,2,0,0,0,0,0,0,0,63.8,185
"Anthony Fasano","te",0,0,332,5,0,0,0,0,0,0,0,63.2,186
"Joshua Morgan","wr",0,0,510,2,0,0,0,0,0,0,0,63,187
"Titus Young","wr",0,0,383,4,0,0,0,0,0,0,0,62.3,188
"Maurice Jones-Drew","rb",414,1,86,1,0,0,0,0,0,0,0,62,189
"Randy Moss","wr",0,0,434,3,0,0,0,0,0,0,0,61.4,190
"Jonathan Stewart","rb",336,1,157,1,0,0,0,0,0,0,0,61.3,191
"Greg Jennings","wr",0,0,366,4,0,0,0,0,0,0,0,60.6,192
"Ronnie Brown","rb",220,0,371,0,0,0,0,0,0,0,0,59.1,193
"Alex Green","rb",464,0,125,0,0,0,0,0,0,0,0,58.9,194
"Zach Miller","te",0,0,396,3,0,0,0,0,0,0,0,57.6,195
"Donald Brown","rb",417,1,93,0,0,0,0,0,0,0,0,57,196
"Michael Jenkins","wr",0,0,449,2,0,0,0,0,0,0,0,56.9,197
"Tony Scheffler","te",0,0,504,1,0,0,0,0,0,0,0,56.4,198
"Joseph Morgan","wr",0,0,379,3,0,0,0,0,0,0,0,55.9,199
"Beanie Wells","rb",234,5,24,0,0,0,0,0,0,0,0,55.8,200
"Brady Quinn","qb",19,0,0,0,1141,2,0,0,0,0,0,55.54,201
"Kendall Hunter","rb",371,2,60,0,0,0,0,0,0,0,0,55.1,202
"Alshon Jeffery","wr",0,0,367,3,0,0,0,0,0,0,0,54.7,203
"Doug Baldwin","wr",0,0,366,3,0,0,0,0,0,0,0,54.6,204
"Tiquan Underwood","wr",0,0,425,2,0,0,0,0,0,0,0,54.5,205
"Jeff Cumberland","te",0,0,359,3,0,0,0,0,0,0,0,53.9,206
"John Skelton","qb",4,0,0,0,1132,2,0,0,0,0,0,53.68,207
"Robert Turbin","rb",354,0,181,0,0,0,0,0,0,0,0,53.5,208
"Rashad Jennings","rb",283,2,130,0,0,0,0,0,0,0,0,53.3,209
"Delanie Walker","te",0,0,344,3,0,0,0,0,0,0,0,52.4,210
"Tony Moeaki","te",0,0,453,1,0,0,0,0,0,0,0,51.3,211
"Dexter McCluster","wr",0,0,452,1,0,0,0,0,0,0,0,51.2,212
"Shaun Draughn","rb",233,2,158,0,0,0,0,0,0,0,0,51.1,213
"James Casey","te",0,0,330,3,0,0,0,0,0,0,0,51,214
"Mario Manningham","wr",0,0,449,1,0,0,0,0,0,0,0,50.9,215
"Austin Pettis","wr",0,0,261,4,0,0,0,0,0,0,0,50.1,216
"Earl Bennett","wr",0,0,375,2,0,0,0,0,0,0,0,49.5,217
"Rueben Randle","wr",0,0,298,3,0,0,0,0,0,0,0,47.8,218
"Travis Benjamin","wr",0,0,298,3,0,0,0,0,0,0,0,47.8,219
"Mike Goodson","rb",221,0,195,1,0,0,0,0,0,0,0,47.6,220
"Julian Edelman","wr",0,0,235,4,0,0,0,0,0,0,0,47.5,221
"Justin Forsett","rb",374,1,38,0,0,0,0,0,0,0,0,47.2,222
"Anthony McCoy","te",0,0,291,3,0,0,0,0,0,0,0,47.1,223
"Harry Douglas","wr",0,0,396,1,0,0,0,0,0,0,0,45.6,224
"Ronnie Hillman","rb",330,1,62,0,0,0,0,0,0,0,0,45.2,225
"Ben Tate","rb",279,2,49,0,0,0,0,0,0,0,0,44.8,226
"Garrett Graham","te",0,0,263,3,0,0,0,0,0,0,0,44.3,227
"Dustin Keller","te",0,0,317,2,0,0,0,0,0,0,0,43.7,228
"Stephen Hill","wr",0,0,252,3,0,0,0,0,0,0,0,43.2,229
"Peyton Hillis","rb",309,1,62,0,0,0,0,0,0,0,0,43.1,230
"Ryan Broyles","wr",0,0,310,2,0,0,0,0,0,0,0,43,231
"Jarius Wright","wr",0,0,310,2,0,0,0,0,0,0,0,43,232
"Riley Cooper","wr",0,0,248,3,0,0,0,0,0,0,0,42.8,233
"Aldrick Robinson","wr",0,0,237,3,0,0,0,0,0,0,0,41.7,234
"Rob Housler","te",0,0,417,0,0,0,0,0,0,0,0,41.7,235
"Chaz Schilens","wr",0,0,289,2,0,0,0,0,0,0,0,40.9,236
"Brandon Bolden","rb",274,2,11,0,0,0,0,0,0,0,0,40.5,237
"Cedric Benson","rb",248,1,97,0,0,0,0,0,0,0,0,40.5,238
"Cedric Peerman","rb",258,1,85,0,0,0,0,0,0,0,0,40.3,239
"Coby Fleener","te",0,0,281,2,0,0,0,0,0,0,0,40.1,240
"Louis Murphy","wr",0,0,336,1,0,0,0,0,0,0,0,39.6,241
"Mohamed Sanu","wr",0,0,154,4,0,0,0,0,0,0,0,39.4,242
"Jon Baldwin","wr",0,0,325,1,0,0,0,0,0,0,0,38.5,243
"Toby Gerhart","rb",169,1,155,0,0,0,0,0,0,0,0,38.4,244
"Tom Crabtree","te",0,0,203,3,0,0,0,0,0,0,0,38.3,245
"Montell Owens","rb",209,1,113,0,0,0,0,0,0,0,0,38.2,246
"T.J. Graham","wr",0,0,322,1,0,0,0,0,0,0,0,38.2,247
"Micheal Spurlock","wr",0,0,200,3,0,0,0,0,0,0,0,38,248
"Devery Henderson","wr",0,0,316,1,0,0,0,0,0,0,0,37.6,249
"Logan Paulsen","te",0,0,308,1,0,0,0,0,0,0,0,36.8,250
"Nate Burleson","wr",0,0,240,2,0,0,0,0,0,0,0,36,251
"Lamar Miller","rb",250,1,45,0,0,0,0,0,0,0,0,35.5,252
"Chris Ivory","rb",217,2,15,0,0,0,0,0,0,0,0,35.2,253
"Kirk Cousins","qb",3,0,0,0,466,4,0,0,0,0,0,34.94,254
"William Powell","rb",217,0,132,0,0,0,0,0,0,0,0,34.9,255
"Kellen Davis","te",0,0,229,2,0,0,0,0,0,0,0,34.9,256
"Montario Hardesty","rb",271,1,16,0,0,0,0,0,0,0,0,34.7,257
"James Starks","rb",255,1,31,0,0,0,0,0,0,0,0,34.6,258
"Dwayne Harris","wr",0,0,222,2,0,0,0,0,0,0,0,34.2,259
"Lance Ball","rb",158,1,61,1,0,0,0,0,0,0,0,33.9,260
"Armon Binns","wr",0,0,277,1,0,0,0,0,0,0,0,33.7,261
"Craig Stevens","te",0,0,275,1,0,0,0,0,0,0,0,33.5,262
"Kevin Smith","rb",134,1,79,1,0,0,0,0,0,0,0,33.3,263
"Santonio Holmes","wr",0,0,272,1,0,0,0,0,0,0,0,33.2,264
"Brad Smith","wr",0,0,152,3,0,0,0,0,0,0,0,33.2,265
"Charles Clay","te",0,0,212,2,0,0,0,0,0,0,0,33.2,266
"Robert Meachem","wr",0,0,207,2,0,0,0,0,0,0,0,32.7,267
"Jason Snelling","rb",63,0,203,1,0,0,0,0,0,0,0,32.6,268
"David Thomas","te",0,0,86,4,0,0,0,0,0,0,0,32.6,269
"Fred Davis","te",0,0,325,0,0,0,0,0,0,0,0,32.5,270
"Damian Williams","wr",0,0,324,0,0,0,0,0,0,0,0,32.4,271
"Evan Royster","rb",88,2,109,0,0,0,0,0,0,0,0,31.7,272
"Damaris Johnson","wr",0,0,256,1,0,0,0,0,0,0,0,31.6,273
"Delone Carter","rb",122,3,13,0,0,0,0,0,0,0,0,31.5,274
"Clay Harbor","te",0,0,186,2,0,0,0,0,0,0,0,30.6,275
"Ryan Lindley","qb",4,0,0,0,752,0,0,0,0,0,0,30.48,276
"Rashard Mendenhall","rb",182,0,62,1,0,0,0,0,0,0,0,30.4,277
"Jordan Shipley","wr",0,0,244,1,0,0,0,0,0,0,0,30.4,278
"Devin Hester","wr",0,0,242,1,0,0,0,0,0,0,0,30.2,279
"Michael Robinson","rb",49,0,126,2,0,0,0,0,0,0,0,29.5,280
"DuJuan Harris","rb",157,2,17,0,0,0,0,0,0,0,0,29.4,281
"Eddie Royal","wr",0,0,234,1,0,0,0,0,0,0,0,29.4,282
"Darrel Young","rb",60,0,109,2,0,0,0,0,0,0,0,28.9,283
"Jordan Cameron","te",0,0,226,1,0,0,0,0,0,0,0,28.6,284
"Ryan Grant","rb",132,2,34,0,0,0,0,0,0,0,0,28.6,285
"Chris Rainey","rb",102,2,60,0,0,0,0,0,0,0,0,28.2,286
"Brian Quick","wr",0,0,156,2,0,0,0,0,0,0,0,27.6,287
"Dante Rosario","te",0,0,95,3,0,0,0,0,0,0,0,27.5,288
"Jerome Simpson","wr",0,0,274,0,0,0,0,0,0,0,0,27.4,289
"LeGarrette Blount","rb",151,2,2,0,0,0,0,0,0,0,0,27.3,290
"Jorvorskie Lane","rb",13,2,79,1,0,0,0,0,0,0,0,27.2,291
"Kyle Williams","wr",0,0,212,1,0,0,0,0,0,0,0,27.2,292
"John Kuhn","rb",63,1,148,0,0,0,0,0,0,0,0,27.1,293
"Brandon Tate","wr",0,0,211,1,0,0,0,0,0,0,0,27.1,294
"Tashard Choice","rb",193,1,9,0,0,0,0,0,0,0,0,26.2,295
"Marvin Jones","wr",0,0,201,1,0,0,0,0,0,0,0,26.1,296
"Derek Hagan","wr",0,0,259,0,0,0,0,0,0,0,0,25.9,297
"Braylon Edwards","wr",0,0,199,1,0,0,0,0,0,0,0,25.9,298
"Mohamed Massaquoi","wr",0,0,254,0,0,0,0,0,0,0,0,25.4,299
"Laurent Robinson","wr",0,0,252,0,0,0,0,0,0,0,0,25.2,300
"LaVon Brazill","wr",0,0,186,1,0,0,0,0,0,0,0,24.6,301
"Vonta Leach","rb",32,1,143,0,0,0,0,0,0,0,0,23.5,302
"Charlie Batch","qb",0,0,0,0,475,1,0,0,0,0,0,23,303
"Ed Dickson","te",0,0,225,0,0,0,0,0,0,0,0,22.5,304
"Luke Stocker","te",0,0,165,1,0,0,0,0,0,0,0,22.5,305
"Clyde Gates","wr",0,0,224,0,0,0,0,0,0,0,0,22.4,306
"Ramses Barden","wr",0,0,220,0,0,0,0,0,0,0,0,22,307
"Jamie Harper","rb",30,3,8,0,0,0,0,0,0,0,0,21.8,308
"Chris Ogbonnaya","rb",30,0,187,0,0,0,0,0,0,0,0,21.7,309
"Terrelle Pryor","qb",10,1,0,0,155,2,0,0,0,0,0,21.2,310
"Niles Paul","te",0,0,152,1,0,0,0,0,0,0,0,21.2,311
"Lestar Jean","wr",0,0,151,1,0,0,0,0,0,0,0,21.1,312
"Juron Criner","wr",0,0,151,1,0,0,0,0,0,0,0,21.1,313
"Will Heller","te",0,0,150,1,0,0,0,0,0,0,0,21,314
"Jacob Hester","rb",81,2,7,0,0,0,0,0,0,0,0,20.8,315
"Ryan Williams","rb",164,0,44,0,0,0,0,0,0,0,0,20.8,316
"Early Doucet","wr",0,0,207,0,0,0,0,0,0,0,0,20.7,317
"Jerricho Cotchery","wr",0,0,205,0,0,0,0,0,0,0,0,20.5,318
"Will Johnson","rb",7,0,137,1,0,0,0,0,0,0,0,20.4,319
"Jalen Parmele","rb",143,0,60,0,0,0,0,0,0,0,0,20.3,320
"Armando Allen","rb",124,1,16,0,0,0,0,0,0,0,0,20,321
"Anthony Dixon","rb",78,2,0,0,0,0,0,0,0,0,0,19.8,322
"Joe McKnight","rb",179,0,18,0,0,0,0,0,0,0,0,19.7,323
"Donald Driver","wr",0,0,77,2,0,0,0,0,0,0,0,19.7,324
"Jason Campbell","qb",7,0,0,0,265,2,0,0,0,0,0,19.3,325
"Curtis Brinkley","rb",115,0,77,0,0,0,0,0,0,0,0,19.2,326
"Jed Collins","rb",0,0,70,2,0,0,0,0,0,0,0,19,327
"Kris Durham","wr",0,0,125,1,0,0,0,0,0,0,0,18.5,328
"Tandon Doss","wr",0,0,123,1,0,0,0,0,0,0,0,18.3,329
"Devin Aromashodu","wr",0,0,182,0,0,0,0,0,0,0,0,18.2,330
"Marlon Moore","wr",0,0,116,1,0,0,0,0,0,0,0,17.6,331
"Leon Washington","rb",83,1,31,0,0,0,0,0,0,0,0,17.4,332
"Brian Leonard","rb",106,0,67,0,0,0,0,0,0,0,0,17.3,333
"Brian Hoyer","qb",1,0,0,0,330,1,0,0,0,0,0,17.3,334
"Byron Leftwich","qb",1,1,0,0,272,0,0,0,0,0,0,16.98,335
"Mike Thomas","wr",0,0,108,1,0,0,0,0,0,0,0,16.8,336
"Jeremy Stewart","rb",101,0,62,0,0,0,0,0,0,0,0,16.3,337
"Mewelde Moore","rb",20,0,77,1,0,0,0,0,0,0,0,15.7,338
"LaMichael James","rb",125,0,29,0,0,0,0,0,0,0,0,15.4,339
"Dion Lewis","rb",69,1,24,0,0,0,0,0,0,0,0,15.3,340
"D.J. Ware","rb",51,0,100,0,0,0,0,0,0,0,0,15.1,341
"Rishard Matthews","wr",0,0,151,0,0,0,0,0,0,0,0,15.1,342
"Shaun Hill","qb",1,0,0,0,172,2,0,0,0,0,0,14.98,343
"Tyrod Taylor","qb",14,1,0,0,179,0,0,0,0,0,0,14.56,344
"Deion Branch","wr",0,0,145,0,0,0,0,0,0,0,0,14.5,345
"Keshawn Martin","wr",0,0,85,1,0,0,0,0,0,0,0,14.5,346
"Matthew Mulligan","te",0,0,84,1,0,0,0,0,0,0,0,14.4,347
"Erik Lorig","rb",0,0,83,1,0,0,0,0,0,0,0,14.3,348
"Baron Batch","rb",49,1,31,0,0,0,0,0,0,0,0,14,349
"Gary Barnidge","te",0,0,78,1,0,0,0,0,0,0,0,13.8,350
"Jordan Norwood","wr",0,0,137,0,0,0,0,0,0,0,0,13.7,351
"Trindon Holliday","wr",0,0,17,2,0,0,0,0,0,0,0,13.7,352
"Greg McElroy","qb",8,0,0,0,214,1,0,0,0,0,0,13.36,353
"Lee Smith","te",0,0,13,2,0,0,0,0,0,0,0,13.3,354
"Anthony Allen","rb",61,1,12,0,0,0,0,0,0,0,0,13.3,355
"Steve Smith","wr",0,0,131,0,0,0,0,0,0,0,0,13.1,356
"Henry Hynoski","rb",20,0,50,1,0,0,0,0,0,0,0,13,357
"Jeff King","te",0,0,129,0,0,0,0,0,0,0,0,12.9,358
"Leonard Pope","te",0,0,9,2,0,0,0,0,0,0,0,12.9,359
"Cole Beasley","wr",0,0,128,0,0,0,0,0,0,0,0,12.8,360
"Stanley Havili","rb",22,1,43,0,0,0,0,0,0,0,0,12.5,361
"Kevin Boss","te",0,0,65,1,0,0,0,0,0,0,0,12.5,362
"Donte' Stallworth","wr",0,0,63,1,0,0,0,0,0,0,0,12.3,363
"Thaddeus Lewis","qb",1,0,0,0,204,1,0,0,0,0,0,12.26,364
"Armanti Edwards","wr",0,0,121,0,0,0,0,0,0,0,0,12.1,365
"Dorin Dickerson","wr",0,0,117,0,0,0,0,0,0,0,0,11.7,366
"Keith Toston","rb",74,0,41,0,0,0,0,0,0,0,0,11.5,367
"Lawrence Vickers","rb",11,0,104,0,0,0,0,0,0,0,0,11.5,368
"John Phillips","te",0,0,55,1,0,0,0,0,0,0,0,11.5,369
"Michael Hoomanawanui","te",0,0,109,0,0,0,0,0,0,0,0,10.9,370
"Lance Dunbar","rb",75,0,33,0,0,0,0,0,0,0,0,10.8,371
"Kevin Elliott","wr",0,0,108,0,0,0,0,0,0,0,0,10.8,372
"Josh Cooper","wr",0,0,106,0,0,0,0,0,0,0,0,10.6,373
"Brian Robiskie","wr",0,0,44,1,0,0,0,0,0,0,0,10.4,374
"Bruce Miller","rb",18,0,84,0,0,0,0,0,0,0,0,10.2,375
"Phillip Tanner","rb",61,0,41,0,0,0,0,0,0,0,0,10.2,376
"Plaxico Burress","wr",0,0,42,1,0,0,0,0,0,0,0,10.2,377
"Kealoha Pilares","wr",0,0,42,1,0,0,0,0,0,0,0,10.2,378
"Orson Charles","te",0,0,101,0,0,0,0,0,0,0,0,10.1,379
"Drew Davis","wr",0,0,40,1,0,0,0,0,0,0,0,10,380
"Matt Moore","qb",5,0,0,0,131,1,0,0,0,0,0,9.74,381
"Stephen Burton","wr",0,0,35,1,0,0,0,0,0,0,0,9.5,382
"Bear Pascoe","te",0,0,35,1,0,0,0,0,0,0,0,9.5,383
"Todd Heap","te",0,0,94,0,0,0,0,0,0,0,0,9.4,384
"Richard Murphy","rb",92,0,0,0,0,0,0,0,0,0,0,9.2,385
"David Ausberry","te",0,0,92,0,0,0,0,0,0,0,0,9.2,386
"Matt Willis","wr",0,0,90,0,0,0,0,0,0,0,0,9,387
"Kahlil Bell","rb",76,0,13,0,0,0,0,0,0,0,0,8.9,388
"Matt Spaeth","te",0,0,28,1,0,0,0,0,0,0,0,8.8,389
"DeVier Posey","wr",0,0,87,0,0,0,0,0,0,0,0,8.7,390
"James Hanna","te",0,0,86,0,0,0,0,0,0,0,0,8.6,391
"Daniel Fells","te",0,0,85,0,0,0,0,0,0,0,0,8.5,392
"Konrad Reuland","te",0,0,83,0,0,0,0,0,0,0,0,8.3,393
"Michael Palmer","te",0,0,22,1,0,0,0,0,0,0,0,8.2,394
"Terrance Copper","wr",0,0,79,0,0,0,0,0,0,0,0,7.9,395
"Nate Byham","te",0,0,18,1,0,0,0,0,0,0,0,7.8,396
"T.J. Yates","qb",2,1,0,0,38,0,0,0,0,0,0,7.72,397
"Kyle Orton","qb",0,0,0,0,89,1,0,0,0,0,0,7.56,398
"Colt McCoy","qb",4,0,0,0,79,1,0,0,0,0,0,7.56,399
"Jason Hill","wr",0,0,15,1,0,0,0,0,0,0,0,7.5,400
"Brandon Jackson","rb",54,0,20,0,0,0,0,0,0,0,0,7.4,401
"Steve Breaston","wr",0,0,74,0,0,0,0,0,0,0,0,7.4,402
"Jamar Newsome","wr",0,0,73,0,0,0,0,0,0,0,0,7.3,403
"Greg Jones","rb",8,0,64,0,0,0,0,0,0,0,0,7.2,404
"Le'Ron McClain","rb",42,0,29,0,0,0,0,0,0,0,0,7.1,405
"Isaiah Pead","rb",54,0,16,0,0,0,0,0,0,0,0,7,406
"Richard Gordon","te",0,0,9,1,0,0,0,0,0,0,0,6.9,407
"Darius Reynaud","rb",33,0,35,0,0,0,0,0,0,0,0,6.8,408
"Jabar Gaffney","wr",0,0,68,0,0,0,0,0,0,0,0,6.8,409
"David Reed","wr",0,0,66,0,0,0,0,0,0,0,0,6.6,410
"Rhett Ellison","rb",0,0,65,0,0,0,0,0,0,0,0,6.5,411
"Joshua Cribbs","wr",0,0,63,0,0,0,0,0,0,0,0,6.3,412
"Virgil Green","te",0,0,63,0,0,0,0,0,0,0,0,6.3,413
"Cyrus Gray","rb",44,0,18,0,0,0,0,0,0,0,0,6.2,414
"Lavelle Hawkins","wr",0,0,62,0,0,0,0,0,0,0,0,6.2,415
"Chris Pressley","rb",0,0,1,1,0,0,0,0,0,0,0,6.1,416
"Michael Preston","wr",0,0,59,0,0,0,0,0,0,0,0,5.9,417
"Ben Obomanu","wr",0,0,58,0,0,0,0,0,0,0,0,5.8,418
"D.J. Williams","te",0,0,57,0,0,0,0,0,0,0,0,5.7,419
"Lex Hilliard","rb",33,0,23,0,0,0,0,0,0,0,0,5.6,420
"Ladarius Green","te",0,0,56,0,0,0,0,0,0,0,0,5.6,421
"Ryan Whalen","wr",0,0,53,0,0,0,0,0,0,0,0,5.3,422
"Devon Wylie","wr",0,0,53,0,0,0,0,0,0,0,0,5.3,423
"Deonte Thompson","wr",0,0,51,0,0,0,0,0,0,0,0,5.1,424
"David Paulson","te",0,0,51,0,0,0,0,0,0,0,0,5.1,425
"Steve Maneri","te",0,0,51,0,0,0,0,0,0,0,0,5.1,426
"Garrett Celek","te",0,0,51,0,0,0,0,0,0,0,0,5.1,427
"Randy McMichael","te",0,0,51,0,0,0,0,0,0,0,0,5.1,428
"Travaris Cadet","rb",5,0,44,0,0,0,0,0,0,0,0,4.9,429
"Tim Tebow","qb",32,0,0,0,39,0,0,0,0,0,0,4.76,430
"Roy Helu","rb",2,0,45,0,0,0,0,0,0,0,0,4.7,431
"Alex Smith","te",0,0,47,0,0,0,0,0,0,0,0,4.7,432
"Matt Leinart","qb",0,0,0,0,115,0,0,0,0,0,0,4.6,433
"Taylor Thompson","te",0,0,46,0,0,0,0,0,0,0,0,4.6,434
"Stefan Logan","rb",17,0,28,0,0,0,0,0,0,0,0,4.5,435
"Quinn Johnson","rb",5,0,40,0,0,0,0,0,0,0,0,4.5,436
"Seyi Ajirotutu","wr",0,0,45,0,0,0,0,0,0,0,0,4.5,437
"Greg Camarillo","wr",0,0,44,0,0,0,0,0,0,0,0,4.4,438
"John Carlson","te",0,0,43,0,0,0,0,0,0,0,0,4.3,439
"Kregg Lumpkin","rb",42,0,0,0,0,0,0,0,0,0,0,4.2,440
"Charly Martin","wr",0,0,42,0,0,0,0,0,0,0,0,4.2,441
"Ruvell Martin","wr",0,0,41,0,0,0,0,0,0,0,0,4.1,442
"Toney Clemons","wr",0,0,41,0,0,0,0,0,0,0,0,4.1,443
"Kyle Adams","te",0,0,40,0,0,0,0,0,0,0,0,4,444
"Anthony Sherman","rb",0,0,39,0,0,0,0,0,0,0,0,3.9,445
"Nate Eachus","rb",18,0,19,0,0,0,0,0,0,0,0,3.7,446
"Bernard Scott","rb",35,0,0,0,0,0,0,0,0,0,0,3.5,447
"Jerome Felton","rb",0,0,35,0,0,0,0,0,0,0,0,3.5,448
"Johnny White","rb",34,0,0,0,0,0,0,0,0,0,0,3.4,449
"Matt Flynn","qb",4,0,0,0,68,0,0,0,0,0,0,3.12,450
"David Nelson","wr",0,0,31,0,0,0,0,0,0,0,0,3.1,451
"Jermaine Kearse","wr",0,0,31,0,0,0,0,0,0,0,0,3.1,452
"Mike McNeill","te",0,0,31,0,0,0,0,0,0,0,0,3.1,453
"Bruce Gradkowski","qb",4,0,0,0,65,0,0,0,0,0,0,3,454
"Ben Hartsock","te",0,0,30,0,0,0,0,0,0,0,0,3,455
"Jarrett Boykin","wr",0,0,27,0,0,0,0,0,0,0,0,2.7,456
"Eric Weems","wr",0,0,27,0,0,0,0,0,0,0,0,2.7,457
"Arrelious Benn","wr",0,0,26,0,0,0,0,0,0,0,0,2.6,458
"Kris Adams","wr",0,0,26,0,0,0,0,0,0,0,0,2.6,459
"Javon Ringer","rb",14,0,12,0,0,0,0,0,0,0,0,2.6,460
"Chris Owusu","wr",0,0,24,0,0,0,0,0,0,0,0,2.4,461
"Derek Anderson","qb",0,0,0,0,58,0,0,0,0,0,0,2.32,462
"Marcus Thigpen","rb",8,0,15,0,0,0,0,0,0,0,0,2.3,463
"Mike Cox","rb",0,0,22,0,0,0,0,0,0,0,0,2.2,464
"Jerrel Jernigan","wr",0,0,22,0,0,0,0,0,0,0,0,2.2,465
"Dezmon Briscoe","wr",0,0,22,0,0,0,0,0,0,0,0,2.2,466
"Alfonso Smith","rb",0,0,21,0,0,0,0,0,0,0,0,2.1,467
"Evan Rodriguez","rb",0,0,21,0,0,0,0,0,0,0,0,2.1,468
"Cory Harkey","te",0,0,21,0,0,0,0,0,0,0,0,2.1,469
"Dan Orlovsky","qb",0,0,0,0,51,0,0,0,0,0,0,2.04,470
"Collin Mooney","rb",19,0,0,0,0,0,0,0,0,0,0,1.9,471
"Legedu Naanee","wr",0,0,19,0,0,0,0,0,0,0,0,1.9,472
"Andre Caldwell","wr",0,0,18,0,0,0,0,0,0,0,0,1.8,473
"Jake O'Connell","te",0,0,18,0,0,0,0,0,0,0,0,1.8,474
"Kellen Clemens","qb",2,0,0,0,39,0,0,0,0,0,0,1.76,475
"Hayden Smith","te",0,0,16,0,0,0,0,0,0,0,0,1.6,476
"Mardy Gilyard","wr",0,0,15,0,0,0,0,0,0,0,0,1.5,477
"Brandon Banks","wr",0,0,15,0,0,0,0,0,0,0,0,1.5,478
"Weslye Saunders","te",0,0,15,0,0,0,0,0,0,0,0,1.5,479
"Jim Dray","te",0,0,15,0,0,0,0,0,0,0,0,1.5,480
"Ryan Mallett","qb",8,0,0,0,17,0,0,0,0,0,0,1.48,481
"Sammie Stroughter","wr",0,0,14,0,0,0,0,0,0,0,0,1.4,482
"Rusty Smith","qb",0,0,0,0,34,0,0,0,0,0,0,1.36,483
"Tyler Thigpen","qb",1,0,0,0,30,0,0,0,0,0,0,1.3,484
"Jordan White","wr",0,0,13,0,0,0,0,0,0,0,0,1.3,485
"Allen Reisner","te",0,0,13,0,0,0,0,0,0,0,0,1.3,486
"Jonathan Grimes","rb",6,0,7,0,0,0,0,0,0,0,0,1.3,487
"Brock Osweiler","qb",8,0,0,0,12,0,0,0,0,0,0,1.28,488
"Graham Harrell","qb",4,0,0,0,20,0,0,0,0,0,0,1.2,489
"Keiland Williams","rb",3,0,9,0,0,0,0,0,0,0,0,1.2,490
"Anthony Armstrong","wr",0,0,12,0,0,0,0,0,0,0,0,1.2,491
"Kellen Winslow","te",0,0,12,0,0,0,0,0,0,0,0,1.2,492
"Matt Asiata","rb",9,0,2,0,0,0,0,0,0,0,0,1.1,493
"Chris Gronkowski","rb",0,0,11,0,0,0,0,0,0,0,0,1.1,494
"Andre Holmes","wr",0,0,11,0,0,0,0,0,0,0,0,1.1,495
"Ryan Taylor","te",0,0,11,0,0,0,0,0,0,0,0,1.1,496
"Chase Coffman","te",0,0,11,0,0,0,0,0,0,0,0,1.1,497
"David Carr","qb",3,0,0,0,19,0,0,0,0,0,0,1.06,498
"Da'Rel Scott","rb",9,0,0,0,0,0,0,0,0,0,0,0.9,499
"Corey McIntyre","rb",0,0,9,0,0,0,0,0,0,0,0,0.9,500
"Courtney Roby","wr",0,0,9,0,0,0,0,0,0,0,0,0.9,501
"Dedrick Epps","te",0,0,9,0,0,0,0,0,0,0,0,0.9,502
"Jordan Todman","rb",8,0,0,0,0,0,0,0,0,0,0,0.8,503
"Robert Hughes","rb",5,0,3,0,0,0,0,0,0,0,0,0.8,504
"Lousaka Polite","rb",0,0,8,0,0,0,0,0,0,0,0,0.8,505
"LaRon Byrd","wr",0,0,8,0,0,0,0,0,0,0,0,0.8,506
"Dominique Jones","te",0,0,8,0,0,0,0,0,0,0,0,0.8,507
"Chris Cooley","te",0,0,8,0,0,0,0,0,0,0,0,0.8,508
"Brandon Jacobs","rb",7,0,0,0,0,0,0,0,0,0,0,0.7,509
"Reagan Maui'a","rb",0,0,7,0,0,0,0,0,0,0,0,0.7,510
"Chase Daniel","qb",3,0,0,0,10,0,0,0,0,0,0,0.7,511
"Joe Adams","wr",0,0,7,0,0,0,0,0,0,0,0,0.7,512
"Dane Sanzenbacher","wr",0,0,7,0,0,0,0,0,0,0,0,0.7,513
"Tommy Gallarda","te",0,0,7,0,0,0,0,0,0,0,0,0.7,514
"Shaun Chapas","rb",0,0,6,0,0,0,0,0,0,0,0,0.6,515
"Austin Collie","wr",0,0,6,0,0,0,0,0,0,0,0,0.6,516
"Evan Moore","te",0,0,6,0,0,0,0,0,0,0,0,0.6,517
"Isaiah Stanback","te",0,0,6,0,0,0,0,0,0,0,0,0.6,518
"Zach Potter","te",0,0,6,0,0,0,0,0,0,0,0,0.6,519
"Trent Edwards","qb",0,0,0,0,14,0,0,0,0,0,0,0.56,520
"Daniel Herron","rb",5,0,0,0,0,0,0,0,0,0,0,0.5,521
"Will Ta'ufo'ou","rb",0,0,5,0,0,0,0,0,0,0,0,0.5,522
"Brad Smelley","te",0,0,3,0,0,0,0,0,0,0,0,0.3,523
"Luke McCown","qb",2,0,0,0,0,0,0,0,0,0,0,0.2,524
"Owen Schmitt","rb",1,0,0,0,0,0,0,0,0,0,0,0.1,525
"Ted Ginn Jr.","wr",0,0,1,0,0,0,0,0,0,0,0,0.1,526
"Brit Miller","rb",0,0,0,0,0,0,0,0,0,0,0,0,527
"John Conner","rb",0,0,0,0,0,0,0,0,0,0,0,0,528
"Owen Marecic","rb",0,0,0,0,0,0,0,0,0,0,0,0,529
"Patrick DiMarco","rb",0,0,0,0,0,0,0,0,0,0,0,0,530
"Antone Smith","rb",0,0,0,0,0,0,0,0,0,0,0,0,531
"Tyler Clutts","rb",0,0,0,0,0,0,0,0,0,0,0,0,532
"Brandon Saine","rb",0,0,0,0,0,0,0,0,0,0,0,0,533
"Armond Smith","rb",0,0,0,0,0,0,0,0,0,0,0,0,534
"Josh Johnson","qb",0,0,0,0,0,0,0,0,0,0,0,0,535
"Tarvaris Jackson","qb",0,0,0,0,0,0,0,0,0,0,0,0,536
"Blair Walsh","k",0,0,0,0,0,0,0,0,0,0,0,0,537
"Matt Bryant","k",0,0,0,0,0,0,0,0,0,0,0,0,538
"Lawrence Tynes","k",0,0,0,0,0,0,0,0,0,0,0,0,539
"Jason Hanson","k",0,0,0,0,0,0,0,0,0,0,0,0,540
"Shayne Graham","k",0,0,0,0,0,0,0,0,0,0,0,0,541
"Sebastian Janikowski","k",0,0,0,0,0,0,0,0,0,0,0,0,542
"Justin Tucker","k",0,0,0,0,0,0,0,0,0,0,0,0,543
"Stephen Gostkowski","k",0,0,0,0,0,0,0,0,0,0,0,0,544
"Dan Bailey","k",0,0,0,0,0,0,0,0,0,0,0,0,545
"Phil Dawson","k",0,0,0,0,0,0,0,0,0,0,0,0,546
"David Akers","k",0,0,0,0,0,0,0,0,0,0,0,0,547
"Connor Barth","k",0,0,0,0,0,0,0,0,0,0,0,0,548
"Shaun Suisham","k",0,0,0,0,0,0,0,0,0,0,0,0,549
"Ryan Succop","k",0,0,0,0,0,0,0,0,0,0,0,0,550
"Alex Henery","k",0,0,0,0,0,0,0,0,0,0,0,0,551
"Adam Vinatieri","k",0,0,0,0,0,0,0,0,0,0,0,0,552
"Matt Prater","k",0,0,0,0,0,0,0,0,0,0,0,0,553
"Rob Bironas","k",0,0,0,0,0,0,0,0,0,0,0,0,554
"Jay Feely","k",0,0,0,0,0,0,0,0,0,0,0,0,555
"Josh Scobee","k",0,0,0,0,0,0,0,0,0,0,0,0,556
"Steven Hauschka","k",0,0,0,0,0,0,0,0,0,0,0,0,557
"Greg Zuerlein","k",0,0,0,0,0,0,0,0,0,0,0,0,558
"Dan Carpenter","k",0,0,0,0,0,0,0,0,0,0,0,0,559
"Robbie Gould","k",0,0,0,0,0,0,0,0,0,0,0,0,560
"Mason Crosby","k",0,0,0,0,0,0,0,0,0,0,0,0,561
"Rian Lindell","k",0,0,0,0,0,0,0,0,0,0,0,0,562
"Nick Folk","k",0,0,0,0,0,0,0,0,0,0,0,0,563
"Mike Nugent","k",0,0,0,0,0,0,0,0,0,0,0,0,564
"Nick Novak","k",0,0,0,0,0,0,0,0,0,0,0,0,565
"Garrett Hartley","k",0,0,0,0,0,0,0,0,0,0,0,0,566
"Kai Forbath","k",0,0,0,0,0,0,0,0,0,0,0,0,567
"Josh Brown","k",0,0,0,0,0,0,0,0,0,0,0,0,568
"Graham Gano","k",0,0,0,0,0,0,0,0,0,0,0,0,569
"Nate Kaeding","k",0,0,0,0,0,0,0,0,0,0,0,0,570
"Justin Medlock","k",0,0,0,0,0,0,0,0,0,0,0,0,571
"Billy Cundiff","k",0,0,0,0,0,0,0,0,0,0,0,0,572
"Olindo Mare","k",0,0,0,0,0,0,0,0,0,0,0,0,573
"John Potter","k",0,0,0,0,0,0,0,0,0,0,0,0,574
"Mike Brown","wr",0,0,0,0,0,0,0,0,0,0,0,0,575
"A.J. Jenkins","wr",0,0,0,0,0,0,0,0,0,0,0,0,576
"Kevin Cone","wr",0,0,0,0,0,0,0,0,0,0,0,0,577
"Kassim Osgood","wr",0,0,0,0,0,0,0,0,0,0,0,0,578
"Roscoe Parrish","wr",0,0,0,0,0,0,0,0,0,0,0,0,579
"LaQuan Williams","wr",0,0,0,0,0,0,0,0,0,0,0,0,580
"David Gilreath","wr",0,0,0,0,0,0,0,0,0,0,0,0,581
"Richard Goodman","wr",0,0,0,0,0,0,0,0,0,0,0,0,582
"Marvin McNutt","wr",0,0,0,0,0,0,0,0,0,0,0,0,583
"Patrick Turner","wr",0,0,0,0,0,0,0,0,0,0,0,0,584
"Matthew Slater","wr",0,0,0,0,0,0,0,0,0,0,0,0,585
"David Gettis","wr",0,0,0,0,0,0,0,0,0,0,0,0,586
"Joe Webb","wr",0,0,0,0,0,0,0,0,0,0,0,0,587
"Preston Parker","wr",0,0,0,0,0,0,0,0,0,0,0,0,588
"Josh Bellamy","wr",0,0,0,0,0,0,0,0,0,0,0,0,589
"Jeremy Ross","wr",0,0,0,0,0,0,0,0,0,0,0,0,590
"Quan Cosby","wr",0,0,0,0,0,0,0,0,0,0,0,0,591
"Marcus Easley","wr",0,0,0,0,0,0,0,0,0,0,0,0,592
"Stephen Spach","te",0,0,0,0,0,0,0,0,0,0,0,0,593
"Brian Jennings","te",0,0,0,0,0,0,0,0,0,0,0,0,594
"Travis Beckum","te",0,0,0,0,0,0,0,0,0,0,0,0,595
"Justin Snow","te",0,0,0,0,0,0,0,0,0,0,0,0,596
"Julius Thomas","te",0,0,0,0,0,0,0,0,0,0,0,0,597
"Mike Leach","te",0,0,0,0,0,0,0,0,0,0,0,0,598
"Billy Bajema","te",0,0,0,0,0,0,0,0,0,0,0,0,599
"Colin Cloherty","te",0,0,0,0,0,0,0,0,0,0,0,0,600
"Richie Brockel","te",0,0,0,0,0,0,0,0,0,0,0,0,601
"Jeron Mastrud","te",0,0,0,0,0,0,0,0,0,0,0,0,602
"Daniel Graham","te",0,0,0,0,0,0,0,0,0,0,0,0,603
"Maurice Stovall","te",0,0,0,0,0,0,0,0,0,0,0,0,604
"Visanthe Shiancoe","te",0,0,0,0,0,0,0,0,0,0,0,0,605
"Michael Higgins","te",0,0,-3,0,0,0,0,0,0,0,0,-0.3,606
"Nathan Palmer","wr",0,0,-4,0,0,0,0,0,0,0,0,-0.4,607
