"name","type","rushYds","rushTds","recYds","recTds","passYds","passTds","fgs0.20","fgs20.30","fgs30.40","fgs40.50","fgs50.inf"
"Adrian Peterson","rb",2097,12,217,1,0,0,0,0,0,0,0
"Alfred Morris","rb",1613,13,77,0,0,0,0,0,0,0,0
"Marshawn Lynch","rb",1590,11,196,1,0,0,0,0,0,0,0
"Jamaal Charles","rb",1509,5,236,1,0,0,0,0,0,0,0
"Doug Martin","rb",1454,11,472,1,0,0,0,0,0,0,0
"Arian Foster","rb",1424,15,217,2,0,0,0,0,0,0,0
"Stevan Ridley","rb",1263,12,51,0,0,0,0,0,0,0,0
"C.J. Spiller","rb",1244,6,459,2,0,0,0,0,0,0,0
"Chris Johnson","rb",1243,6,232,0,0,0,0,0,0,0,0
"Frank Gore","rb",1214,8,234,1,0,0,0,0,0,0,0
"Ray Rice","rb",1143,9,478,1,0,0,0,0,0,0,0
"Matt Forte","rb",1094,5,340,1,0,0,0,0,0,0,0
"BenJarvus Green-Ellis","rb",1094,6,104,0,0,0,0,0,0,0,0
"Shonn Greene","rb",1063,8,151,0,0,0,0,0,0,0,0
"Steven Jackson","rb",1042,4,321,0,0,0,0,0,0,0,0
"Ahmad Bradshaw","rb",1015,6,245,0,0,0,0,0,0,0,0
"Reggie Bush","rb",986,6,292,2,0,0,0,0,0,0,0
"Trent Richardson","rb",950,11,367,1,0,0,0,0,0,0,0
"LeSean McCoy","rb",840,2,373,3,0,0,0,0,0,0,0
"Vick Ballard","rb",814,2,152,1,0,0,0,0,0,0,0
"Michael Turner","rb",800,10,128,1,0,0,0,0,0,0,0
"Mikel Leshoure","rb",798,9,214,0,0,0,0,0,0,0,0
"DeAngelo Williams","rb",737,5,187,2,0,0,0,0,0,0,0
"Willis McGahee","rb",731,4,221,0,0,0,0,0,0,0,0
"Darren McFadden","rb",707,2,258,1,0,0,0,0,0,0,0
"Ryan Mathews","rb",707,1,252,0,0,0,0,0,0,0,0
"DeMarco Murray","rb",663,4,251,0,0,0,0,0,0,0,0
"Jonathan Dwyer","rb",623,2,106,0,0,0,0,0,0,0,0
"Mark Ingram","rb",602,5,29,0,0,0,0,0,0,0,0
"Bryce Brown","rb",564,4,56,0,0,0,0,0,0,0,0
"Bernard Pierce","rb",532,1,47,0,0,0,0,0,0,0,0
"Knowshon Moreno","rb",525,4,167,0,0,0,0,0,0,0,0
"Daryl Richardson","rb",475,0,163,0,0,0,0,0,0,0,0
"Pierre Thomas","rb",473,1,354,1,0,0,0,0,0,0,0
"Alex Green","rb",464,0,125,0,0,0,0,0,0,0,0
"Bilal Powell","rb",437,4,140,0,0,0,0,0,0,0,0
"Fred Jackson","rb",437,3,217,1,0,0,0,0,0,0,0
"Donald Brown","rb",417,1,93,0,0,0,0,0,0,0,0
"Joique Bell","rb",414,3,485,0,0,0,0,0,0,0,0
"Maurice Jones-Drew","rb",414,1,86,1,0,0,0,0,0,0,0
"Michael Bush","rb",411,5,83,0,0,0,0,0,0,0,0
"Isaac Redman","rb",410,2,244,0,0,0,0,0,0,0,0
"Felix Jones","rb",402,3,262,2,0,0,0,0,0,0,0
"Andre Brown","rb",385,8,86,0,0,0,0,0,0,0,0
"Justin Forsett","rb",374,1,38,0,0,0,0,0,0,0,0
"Kendall Hunter","rb",371,2,60,0,0,0,0,0,0,0,0
"Jacquizz Rodgers","rb",362,1,402,1,0,0,0,0,0,0,0
"David Wilson","rb",358,4,34,1,0,0,0,0,0,0,0
"LaRod Stephens-Howling","rb",356,4,106,0,0,0,0,0,0,0,0
"Robert Turbin","rb",354,0,181,0,0,0,0,0,0,0,0
"Jonathan Stewart","rb",336,1,157,1,0,0,0,0,0,0,0
"Ronnie Hillman","rb",330,1,62,0,0,0,0,0,0,0,0
"Daniel Thomas","rb",325,4,156,0,0,0,0,0,0,0,0
"Jackie Battle","rb",311,3,108,1,0,0,0,0,0,0,0
"Peyton Hillis","rb",309,1,62,0,0,0,0,0,0,0,0
"Danny Woodhead","rb",301,4,446,3,0,0,0,0,0,0,0
"Rashad Jennings","rb",283,2,130,0,0,0,0,0,0,0,0
"Ben Tate","rb",279,2,49,0,0,0,0,0,0,0,0
"Brandon Bolden","rb",274,2,11,0,0,0,0,0,0,0,0
"Montario Hardesty","rb",271,1,16,0,0,0,0,0,0,0,0
"Marcel Reece","rb",271,0,496,1,0,0,0,0,0,0,0
"Cedric Peerman","rb",258,1,85,0,0,0,0,0,0,0,0
"James Starks","rb",255,1,31,0,0,0,0,0,0,0,0
"Shane Vereen","rb",251,3,149,1,0,0,0,0,0,0,0
"Lamar Miller","rb",250,1,45,0,0,0,0,0,0,0,0
"Cedric Benson","rb",248,1,97,0,0,0,0,0,0,0,0
"Darren Sproles","rb",244,1,667,7,0,0,0,0,0,0,0
"Beanie Wells","rb",234,5,24,0,0,0,0,0,0,0,0
"Shaun Draughn","rb",233,2,158,0,0,0,0,0,0,0,0
"Mike Goodson","rb",221,0,195,1,0,0,0,0,0,0,0
"Ronnie Brown","rb",220,0,371,0,0,0,0,0,0,0,0
"William Powell","rb",217,0,132,0,0,0,0,0,0,0,0
"Chris Ivory","rb",217,2,15,0,0,0,0,0,0,0,0
"Montell Owens","rb",209,1,113,0,0,0,0,0,0,0,0
"Tashard Choice","rb",193,1,9,0,0,0,0,0,0,0,0
"Mike Tolbert","rb",183,7,268,0,0,0,0,0,0,0,0
"Rashard Mendenhall","rb",182,0,62,1,0,0,0,0,0,0,0
"Joe McKnight","rb",179,0,18,0,0,0,0,0,0,0,0
"Toby Gerhart","rb",169,1,155,0,0,0,0,0,0,0,0
"Ryan Williams","rb",164,0,44,0,0,0,0,0,0,0,0
"Lance Ball","rb",158,1,61,1,0,0,0,0,0,0,0
"DuJuan Harris","rb",157,2,17,0,0,0,0,0,0,0,0
"LeGarrette Blount","rb",151,2,2,0,0,0,0,0,0,0,0
"Jalen Parmele","rb",143,0,60,0,0,0,0,0,0,0,0
"Kevin Smith","rb",134,1,79,1,0,0,0,0,0,0,0
"Ryan Grant","rb",132,2,34,0,0,0,0,0,0,0,0
"LaMichael James","rb",125,0,29,0,0,0,0,0,0,0,0
"Armando Allen","rb",124,1,16,0,0,0,0,0,0,0,0
"Delone Carter","rb",122,3,13,0,0,0,0,0,0,0,0
"Curtis Brinkley","rb",115,0,77,0,0,0,0,0,0,0,0
"Brian Leonard","rb",106,0,67,0,0,0,0,0,0,0,0
"Chris Rainey","rb",102,2,60,0,0,0,0,0,0,0,0
"Jeremy Stewart","rb",101,0,62,0,0,0,0,0,0,0,0
"Richard Murphy","rb",92,0,0,0,0,0,0,0,0,0,0
"Evan Royster","rb",88,2,109,0,0,0,0,0,0,0,0
"Leon Washington","rb",83,1,31,0,0,0,0,0,0,0,0
"Jacob Hester","rb",81,2,7,0,0,0,0,0,0,0,0
"Anthony Dixon","rb",78,2,0,0,0,0,0,0,0,0,0
"Kahlil Bell","rb",76,0,13,0,0,0,0,0,0,0,0
"Lance Dunbar","rb",75,0,33,0,0,0,0,0,0,0,0
"Keith Toston","rb",74,0,41,0,0,0,0,0,0,0,0
"Dion Lewis","rb",69,1,24,0,0,0,0,0,0,0,0
"Jason Snelling","rb",63,0,203,1,0,0,0,0,0,0,0
"John Kuhn","rb",63,1,148,0,0,0,0,0,0,0,0
"Anthony Allen","rb",61,1,12,0,0,0,0,0,0,0,0
"Phillip Tanner","rb",61,0,41,0,0,0,0,0,0,0,0
"Darrel Young","rb",60,0,109,2,0,0,0,0,0,0,0
"Brandon Jackson","rb",54,0,20,0,0,0,0,0,0,0,0
"Isaiah Pead","rb",54,0,16,0,0,0,0,0,0,0,0
"D.J. Ware","rb",51,0,100,0,0,0,0,0,0,0,0
"Michael Robinson","rb",49,0,126,2,0,0,0,0,0,0,0
"Baron Batch","rb",49,1,31,0,0,0,0,0,0,0,0
"Cyrus Gray","rb",44,0,18,0,0,0,0,0,0,0,0
"Kregg Lumpkin","rb",42,0,0,0,0,0,0,0,0,0,0
"Le'Ron McClain","rb",42,0,29,0,0,0,0,0,0,0,0
"Bernard Scott","rb",35,0,0,0,0,0,0,0,0,0,0
"Johnny White","rb",34,0,0,0,0,0,0,0,0,0,0
"Lex Hilliard","rb",33,0,23,0,0,0,0,0,0,0,0
"Darius Reynaud","rb",33,0,35,0,0,0,0,0,0,0,0
"Vonta Leach","rb",32,1,143,0,0,0,0,0,0,0,0
"Chris Ogbonnaya","rb",30,0,187,0,0,0,0,0,0,0,0
"Jamie Harper","rb",30,3,8,0,0,0,0,0,0,0,0
"Stanley Havili","rb",22,1,43,0,0,0,0,0,0,0,0
"Mewelde Moore","rb",20,0,77,1,0,0,0,0,0,0,0
"Henry Hynoski","rb",20,0,50,1,0,0,0,0,0,0,0
"Collin Mooney","rb",19,0,0,0,0,0,0,0,0,0,0
"Bruce Miller","rb",18,0,84,0,0,0,0,0,0,0,0
"Nate Eachus","rb",18,0,19,0,0,0,0,0,0,0,0
"Stefan Logan","rb",17,0,28,0,0,0,0,0,0,0,0
"Javon Ringer","rb",14,0,12,0,0,0,0,0,0,0,0
"Jorvorskie Lane","rb",13,2,79,1,0,0,0,0,0,0,0
"Lawrence Vickers","rb",11,0,104,0,0,0,0,0,0,0,0
"Matt Asiata","rb",9,0,2,0,0,0,0,0,0,0,0
"Da'Rel Scott","rb",9,0,0,0,0,0,0,0,0,0,0
"Jordan Todman","rb",8,0,0,0,0,0,0,0,0,0,0
"Marcus Thigpen","rb",8,0,15,0,0,0,0,0,0,0,0
"Greg Jones","rb",8,0,64,0,0,0,0,0,0,0,0
"Brandon Jacobs","rb",7,0,0,0,0,0,0,0,0,0,0
"Will Johnson","rb",7,0,137,1,0,0,0,0,0,0,0
"Jonathan Grimes","rb",6,0,7,0,0,0,0,0,0,0,0
"Travaris Cadet","rb",5,0,44,0,0,0,0,0,0,0,0
"Robert Hughes","rb",5,0,3,0,0,0,0,0,0,0,0
"Quinn Johnson","rb",5,0,40,0,0,0,0,0,0,0,0
"Daniel Herron","rb",5,0,0,0,0,0,0,0,0,0,0
"Keiland Williams","rb",3,0,9,0,0,0,0,0,0,0,0
"Roy Helu","rb",2,0,45,0,0,0,0,0,0,0,0
"Owen Schmitt","rb",1,0,0,0,0,0,0,0,0,0,0
"Brit Miller","rb",0,0,0,0,0,0,0,0,0,0,0
"Jerome Felton","rb",0,0,35,0,0,0,0,0,0,0,0
"Erik Lorig","rb",0,0,83,1,0,0,0,0,0,0,0
"Jed Collins","rb",0,0,70,2,0,0,0,0,0,0,0
"Mike Cox","rb",0,0,22,0,0,0,0,0,0,0,0
"John Conner","rb",0,0,0,0,0,0,0,0,0,0,0
"Owen Marecic","rb",0,0,0,0,0,0,0,0,0,0,0
"Patrick DiMarco","rb",0,0,0,0,0,0,0,0,0,0,0
"Shaun Chapas","rb",0,0,6,0,0,0,0,0,0,0,0
"Alfonso Smith","rb",0,0,21,0,0,0,0,0,0,0,0
"Lousaka Polite","rb",0,0,8,0,0,0,0,0,0,0,0
"Antone Smith","rb",0,0,0,0,0,0,0,0,0,0,0
"Chris Gronkowski","rb",0,0,11,0,0,0,0,0,0,0,0
"Reagan Maui'a","rb",0,0,7,0,0,0,0,0,0,0,0
"Tyler Clutts","rb",0,0,0,0,0,0,0,0,0,0,0
"Anthony Sherman","rb",0,0,39,0,0,0,0,0,0,0,0
"Will Ta'ufo'ou","rb",0,0,5,0,0,0,0,0,0,0,0
"Corey McIntyre","rb",0,0,9,0,0,0,0,0,0,0,0
"Brandon Saine","rb",0,0,0,0,0,0,0,0,0,0,0
"Chris Pressley","rb",0,0,1,1,0,0,0,0,0,0,0
"Rhett Ellison","rb",0,0,65,0,0,0,0,0,0,0,0
"Evan Rodriguez","rb",0,0,21,0,0,0,0,0,0,0,0
"Armond Smith","rb",0,0,0,0,0,0,0,0,0,0,0
"Shaun Hill","qb",1,0,0,0,172,2,0,0,0,0,0
"Kyle Orton","qb",0,0,0,0,89,1,0,0,0,0,0
"Derek Anderson","qb",0,0,0,0,58,0,0,0,0,0,0
"Chase Daniel","qb",3,0,0,0,10,0,0,0,0,0,0
"Aaron Rodgers","qb",54,2,0,0,4295,39,0,0,0,0,0
"Peyton Manning","qb",23,0,0,0,4659,37,0,0,0,0,0
"Alex Smith","qb",31,0,0,0,1737,13,0,0,0,0,0
"Robert Griffin III","qb",120,7,0,0,3200,20,0,0,0,0,0
"Kirk Cousins","qb",3,0,0,0,466,4,0,0,0,0,0
"Russell Wilson","qb",94,4,0,0,3118,26,0,0,0,0,0
"Matt Ryan","qb",34,1,0,0,4719,32,0,0,0,0,0
"Tom Brady","qb",23,4,0,0,4827,34,0,0,0,0,0
"Colin Kaepernick","qb",63,5,0,0,1814,10,0,0,0,0,0
"Ben Roethlisberger","qb",26,0,0,0,3265,26,0,0,0,0,0
"Matt Moore","qb",5,0,0,0,131,1,0,0,0,0,0
"Drew Brees","qb",15,1,0,0,5177,43,0,0,0,0,0
"Trent Edwards","qb",0,0,0,0,14,0,0,0,0,0,0
"Matt Schaub","qb",21,0,0,0,4008,22,0,0,0,0,0
"Tony Romo","qb",30,1,0,0,4903,28,0,0,0,0,0
"Philip Rivers","qb",27,0,0,0,3606,26,0,0,0,0,0
"Joe Flacco","qb",32,3,0,0,3817,22,0,0,0,0,0
"Andy Dalton","qb",47,4,0,0,3669,27,0,0,0,0,0
"Eli Manning","qb",20,0,0,0,3948,26,0,0,0,0,0
"Cam Newton","qb",127,8,0,0,3869,19,0,0,0,0,0
"Kevin Kolb","qb",16,1,0,0,1169,8,0,0,0,0,0
"Carson Palmer","qb",18,1,0,0,4018,22,0,0,0,0,0
"Colt McCoy","qb",4,0,0,0,79,1,0,0,0,0,0
"Tim Tebow","qb",32,0,0,0,39,0,0,0,0,0,0
"David Carr","qb",3,0,0,0,19,0,0,0,0,0,0
"Ryan Fitzpatrick","qb",48,1,0,0,3400,24,0,0,0,0,0
"Thaddeus Lewis","qb",1,0,0,0,204,1,0,0,0,0,0
"Sam Bradford","qb",37,1,0,0,3702,21,0,0,0,0,0
"Josh Freeman","qb",39,0,0,0,4065,27,0,0,0,0,0
"Jay Cutler","qb",41,0,0,0,3033,19,0,0,0,0,0
"Christian Ponder","qb",60,2,0,0,2935,18,0,0,0,0,0
"Matt Hasselbeck","qb",13,0,0,0,1367,7,0,0,0,0,0
"Rusty Smith","qb",0,0,0,0,34,0,0,0,0,0,0
"Dan Orlovsky","qb",0,0,0,0,51,0,0,0,0,0,0
"Matt Flynn","qb",4,0,0,0,68,0,0,0,0,0,0
"Matthew Stafford","qb",35,4,0,0,4967,20,0,0,0,0,0
"Greg McElroy","qb",8,0,0,0,214,1,0,0,0,0,0
"Nick Foles","qb",11,1,0,0,1699,6,0,0,0,0,0
"Michael Vick","qb",62,1,0,0,2362,12,0,0,0,0,0
"Blaine Gabbert","qb",18,0,0,0,1662,9,0,0,0,0,0
"Tyler Thigpen","qb",1,0,0,0,30,0,0,0,0,0,0
"Andrew Luck","qb",62,5,0,0,4374,23,0,0,0,0,0
"Ryan Tannehill","qb",49,2,0,0,3294,12,0,0,0,0,0
"Jake Locker","qb",41,1,0,0,2176,10,0,0,0,0,0
"Jason Campbell","qb",7,0,0,0,265,2,0,0,0,0,0
"Brandon Weeden","qb",27,0,0,0,3385,14,0,0,0,0,0
"Chad Henne","qb",19,1,0,0,2084,11,0,0,0,0,0
"Terrelle Pryor","qb",10,1,0,0,155,2,0,0,0,0,0
"Mark Sanchez","qb",22,0,0,0,2883,13,0,0,0,0,0
"Matt Cassel","qb",27,1,0,0,1796,6,0,0,0,0,0
"Brian Hoyer","qb",1,0,0,0,330,1,0,0,0,0,0
"Charlie Batch","qb",0,0,0,0,475,1,0,0,0,0,0
"Graham Harrell","qb",4,0,0,0,20,0,0,0,0,0,0
"Bruce Gradkowski","qb",4,0,0,0,65,0,0,0,0,0,0
"Tyrod Taylor","qb",14,1,0,0,179,0,0,0,0,0,0
"Brady Quinn","qb",19,0,0,0,1141,2,0,0,0,0,0
"Brock Osweiler","qb",8,0,0,0,12,0,0,0,0,0,0
"John Skelton","qb",4,0,0,0,1132,2,0,0,0,0,0
"Byron Leftwich","qb",1,1,0,0,272,0,0,0,0,0,0
"Ryan Lindley","qb",4,0,0,0,752,0,0,0,0,0,0
"Matt Leinart","qb",0,0,0,0,115,0,0,0,0,0,0
"Kellen Clemens","qb",2,0,0,0,39,0,0,0,0,0,0
"T.J. Yates","qb",2,1,0,0,38,0,0,0,0,0,0
"Ryan Mallett","qb",8,0,0,0,17,0,0,0,0,0,0
"Luke McCown","qb",2,0,0,0,0,0,0,0,0,0,0
"Josh Johnson","qb",0,0,0,0,0,0,0,0,0,0,0
"Tarvaris Jackson","qb",0,0,0,0,0,0,0,0,0,0,0
"Blair Walsh","k",0,0,0,0,0,0,0,0,0,0,0
"Matt Bryant","k",0,0,0,0,0,0,0,0,0,0,0
"Lawrence Tynes","k",0,0,0,0,0,0,0,0,0,0,0
"Jason Hanson","k",0,0,0,0,0,0,0,0,0,0,0
"Shayne Graham","k",0,0,0,0,0,0,0,0,0,0,0
"Sebastian Janikowski","k",0,0,0,0,0,0,0,0,0,0,0
"Justin Tucker","k",0,0,0,0,0,0,0,0,0,0,0
"Stephen Gostkowski","k",0,0,0,0,0,0,0,0,0,0,0
"Dan Bailey","k",0,0,0,0,0,0,0,0,0,0,0
"Phil Dawson","k",0,0,0,0,0,0,0,0,0,0,0
"David Akers","k",0,0,0,0,0,0,0,0,0,0,0
"Connor Barth","k",0,0,0,0,0,0,0,0,0,0,0
"Shaun Suisham","k",0,0,0,0,0,0,0,0,0,0,0
"Ryan Succop","k",0,0,0,0,0,0,0,0,0,0,0
"Alex Henery","k",0,0,0,0,0,0,0,0,0,0,0
"Adam Vinatieri","k",0,0,0,0,0,0,0,0,0,0,0
"Matt Prater","k",0,0,0,0,0,0,0,0,0,0,0
"Rob Bironas","k",0,0,0,0,0,0,0,0,0,0,0
"Jay Feely","k",0,0,0,0,0,0,0,0,0,0,0
"Josh Scobee","k",0,0,0,0,0,0,0,0,0,0,0
"Steven Hauschka","k",0,0,0,0,0,0,0,0,0,0,0
"Greg Zuerlein","k",0,0,0,0,0,0,0,0,0,0,0
"Dan Carpenter","k",0,0,0,0,0,0,0,0,0,0,0
"Robbie Gould","k",0,0,0,0,0,0,0,0,0,0,0
"Mason Crosby","k",0,0,0,0,0,0,0,0,0,0,0
"Rian Lindell","k",0,0,0,0,0,0,0,0,0,0,0
"Nick Folk","k",0,0,0,0,0,0,0,0,0,0,0
"Mike Nugent","k",0,0,0,0,0,0,0,0,0,0,0
"Nick Novak","k",0,0,0,0,0,0,0,0,0,0,0
"Garrett Hartley","k",0,0,0,0,0,0,0,0,0,0,0
"Kai Forbath","k",0,0,0,0,0,0,0,0,0,0,0
"Josh Brown","k",0,0,0,0,0,0,0,0,0,0,0
"Graham Gano","k",0,0,0,0,0,0,0,0,0,0,0
"Nate Kaeding","k",0,0,0,0,0,0,0,0,0,0,0
"Justin Medlock","k",0,0,0,0,0,0,0,0,0,0,0
"Billy Cundiff","k",0,0,0,0,0,0,0,0,0,0,0
"Olindo Mare","k",0,0,0,0,0,0,0,0,0,0,0
"John Potter","k",0,0,0,0,0,0,0,0,0,0,0
"Calvin Johnson","wr",0,0,1964,5,0,0,0,0,0,0,0
"Andre Johnson","wr",0,0,1598,4,0,0,0,0,0,0,0
"Brandon Marshall","wr",0,0,1508,11,0,0,0,0,0,0,0
"Demaryius Thomas","wr",0,0,1434,10,0,0,0,0,0,0,0
"Vincent Jackson","wr",0,0,1384,8,0,0,0,0,0,0,0
"Dez Bryant","wr",0,0,1382,12,0,0,0,0,0,0,0
"Reggie Wayne","wr",0,0,1355,5,0,0,0,0,0,0,0
"Wes Welker","wr",0,0,1354,6,0,0,0,0,0,0,0
"Roddy White","wr",0,0,1351,7,0,0,0,0,0,0,0
"A.J. Green","wr",0,0,1350,11,0,0,0,0,0,0,0
"Julio Jones","wr",0,0,1198,10,0,0,0,0,0,0,0
"Steve Smith","wr",0,0,1174,4,0,0,0,0,0,0,0
"Marques Colston","wr",0,0,1154,10,0,0,0,0,0,0,0
"Michael Crabtree","wr",0,0,1105,9,0,0,0,0,0,0,0
"Victor Cruz","wr",0,0,1092,10,0,0,0,0,0,0,0
"Brian Hartline","wr",0,0,1083,1,0,0,0,0,0,0,0
"Eric Decker","wr",0,0,1064,13,0,0,0,0,0,0,0
"Stevie Johnson","wr",0,0,1046,6,0,0,0,0,0,0,0
"Lance Moore","wr",0,0,1041,6,0,0,0,0,0,0,0
"Mike Williams","wr",0,0,996,9,0,0,0,0,0,0,0
"Cecil Shorts","wr",0,0,979,7,0,0,0,0,0,0,0
"Randall Cobb","wr",0,0,954,9,0,0,0,0,0,0,0
"Miles Austin","wr",0,0,943,6,0,0,0,0,0,0,0
"Anquan Boldin","wr",0,0,921,4,0,0,0,0,0,0,0
"Brandon Lloyd","wr",0,0,911,4,0,0,0,0,0,0,0
"Justin Blackmon","wr",0,0,865,5,0,0,0,0,0,0,0
"T.Y. Hilton","wr",0,0,861,8,0,0,0,0,0,0,0
"Jeremy Maclin","wr",0,0,857,7,0,0,0,0,0,0,0
"Torrey Smith","wr",0,0,855,8,0,0,0,0,0,0,0
"Mike Wallace","wr",0,0,836,8,0,0,0,0,0,0,0
"Jeremy Kerley","wr",0,0,827,3,0,0,0,0,0,0,0
"Malcom Floyd","wr",0,0,814,5,0,0,0,0,0,0,0
"Josh Gordon","wr",0,0,805,5,0,0,0,0,0,0,0
"Dwayne Bowe","wr",0,0,801,3,0,0,0,0,0,0,0
"Larry Fitzgerald","wr",0,0,798,4,0,0,0,0,0,0,0
"Antonio Brown","wr",0,0,787,5,0,0,0,0,0,0,0
"James Jones","wr",0,0,784,14,0,0,0,0,0,0,0
"Donnie Avery","wr",0,0,781,3,0,0,0,0,0,0,0
"Davone Bess","wr",0,0,778,1,0,0,0,0,0,0,0
"Andre Roberts","wr",0,0,759,5,0,0,0,0,0,0,0
"Sidney Rice","wr",0,0,748,7,0,0,0,0,0,0,0
"Nate Washington","wr",0,0,746,4,0,0,0,0,0,0,0
"Jordy Nelson","wr",0,0,745,7,0,0,0,0,0,0,0
"Denarius Moore","wr",0,0,741,7,0,0,0,0,0,0,0
"DeSean Jackson","wr",0,0,700,2,0,0,0,0,0,0,0
"Chris Givens","wr",0,0,698,3,0,0,0,0,0,0,0
"Hakeem Nicks","wr",0,0,692,3,0,0,0,0,0,0,0
"Brandon Gibson","wr",0,0,691,5,0,0,0,0,0,0,0
"Golden Tate","wr",0,0,688,7,0,0,0,0,0,0,0
"Brandon LaFell","wr",0,0,677,4,0,0,0,0,0,0,0
"Percy Harvin","wr",0,0,677,4,0,0,0,0,0,0,0
"Danny Amendola","wr",0,0,666,3,0,0,0,0,0,0,0
"Danario Alexander","wr",0,0,658,7,0,0,0,0,0,0,0
"Jason Avant","wr",0,0,648,0,0,0,0,0,0,0,0
"Greg Little","wr",0,0,647,4,0,0,0,0,0,0,0
"Pierre Garcon","wr",0,0,633,4,0,0,0,0,0,0,0
"Emmanuel Sanders","wr",0,0,626,1,0,0,0,0,0,0,0
"Kendall Wright","wr",0,0,626,4,0,0,0,0,0,0,0
"Darrius Heyward-Bey","wr",0,0,606,5,0,0,0,0,0,0,0
"Kenny Britt","wr",0,0,589,4,0,0,0,0,0,0,0
"Rod Streater","wr",0,0,584,3,0,0,0,0,0,0,0
"Santana Moss","wr",0,0,573,8,0,0,0,0,0,0,0
"Domenik Hixon","wr",0,0,567,2,0,0,0,0,0,0,0
"Michael Floyd","wr",0,0,562,2,0,0,0,0,0,0,0
"Brandon Stokley","wr",0,0,544,5,0,0,0,0,0,0,0
"Leonard Hankerson","wr",0,0,543,3,0,0,0,0,0,0,0
"Andrew Hawkins","wr",0,0,533,4,0,0,0,0,0,0,0
"Kevin Walter","wr",0,0,518,2,0,0,0,0,0,0,0
"Joshua Morgan","wr",0,0,510,2,0,0,0,0,0,0,0
"Dexter McCluster","wr",0,0,452,1,0,0,0,0,0,0,0
"Michael Jenkins","wr",0,0,449,2,0,0,0,0,0,0,0
"Mario Manningham","wr",0,0,449,1,0,0,0,0,0,0,0
"Donald Jones","wr",0,0,443,4,0,0,0,0,0,0,0
"Kevin Ogletree","wr",0,0,436,4,0,0,0,0,0,0,0
"Randy Moss","wr",0,0,434,3,0,0,0,0,0,0,0
"Tiquan Underwood","wr",0,0,425,2,0,0,0,0,0,0,0
"Jacoby Jones","wr",0,0,406,4,0,0,0,0,0,0,0
"Harry Douglas","wr",0,0,396,1,0,0,0,0,0,0,0
"Titus Young","wr",0,0,383,4,0,0,0,0,0,0,0
"Joseph Morgan","wr",0,0,379,3,0,0,0,0,0,0,0
"Earl Bennett","wr",0,0,375,2,0,0,0,0,0,0,0
"Alshon Jeffery","wr",0,0,367,3,0,0,0,0,0,0,0
"Greg Jennings","wr",0,0,366,4,0,0,0,0,0,0,0
"Doug Baldwin","wr",0,0,366,3,0,0,0,0,0,0,0
"Louis Murphy","wr",0,0,336,1,0,0,0,0,0,0,0
"Jon Baldwin","wr",0,0,325,1,0,0,0,0,0,0,0
"Damian Williams","wr",0,0,324,0,0,0,0,0,0,0,0
"T.J. Graham","wr",0,0,322,1,0,0,0,0,0,0,0
"Devery Henderson","wr",0,0,316,1,0,0,0,0,0,0,0
"Ryan Broyles","wr",0,0,310,2,0,0,0,0,0,0,0
"Jarius Wright","wr",0,0,310,2,0,0,0,0,0,0,0
"Rueben Randle","wr",0,0,298,3,0,0,0,0,0,0,0
"Travis Benjamin","wr",0,0,298,3,0,0,0,0,0,0,0
"Chaz Schilens","wr",0,0,289,2,0,0,0,0,0,0,0
"Armon Binns","wr",0,0,277,1,0,0,0,0,0,0,0
"Jerome Simpson","wr",0,0,274,0,0,0,0,0,0,0,0
"Santonio Holmes","wr",0,0,272,1,0,0,0,0,0,0,0
"Austin Pettis","wr",0,0,261,4,0,0,0,0,0,0,0
"Derek Hagan","wr",0,0,259,0,0,0,0,0,0,0,0
"Damaris Johnson","wr",0,0,256,1,0,0,0,0,0,0,0
"Mohamed Massaquoi","wr",0,0,254,0,0,0,0,0,0,0,0
"Stephen Hill","wr",0,0,252,3,0,0,0,0,0,0,0
"Laurent Robinson","wr",0,0,252,0,0,0,0,0,0,0,0
"Riley Cooper","wr",0,0,248,3,0,0,0,0,0,0,0
"Jordan Shipley","wr",0,0,244,1,0,0,0,0,0,0,0
"Devin Hester","wr",0,0,242,1,0,0,0,0,0,0,0
"Nate Burleson","wr",0,0,240,2,0,0,0,0,0,0,0
"Aldrick Robinson","wr",0,0,237,3,0,0,0,0,0,0,0
"Julian Edelman","wr",0,0,235,4,0,0,0,0,0,0,0
"Eddie Royal","wr",0,0,234,1,0,0,0,0,0,0,0
"Clyde Gates","wr",0,0,224,0,0,0,0,0,0,0,0
"Dwayne Harris","wr",0,0,222,2,0,0,0,0,0,0,0
"Ramses Barden","wr",0,0,220,0,0,0,0,0,0,0,0
"Kyle Williams","wr",0,0,212,1,0,0,0,0,0,0,0
"Brandon Tate","wr",0,0,211,1,0,0,0,0,0,0,0
"Robert Meachem","wr",0,0,207,2,0,0,0,0,0,0,0
"Early Doucet","wr",0,0,207,0,0,0,0,0,0,0,0
"Jerricho Cotchery","wr",0,0,205,0,0,0,0,0,0,0,0
"Marvin Jones","wr",0,0,201,1,0,0,0,0,0,0,0
"Micheal Spurlock","wr",0,0,200,3,0,0,0,0,0,0,0
"Braylon Edwards","wr",0,0,199,1,0,0,0,0,0,0,0
"LaVon Brazill","wr",0,0,186,1,0,0,0,0,0,0,0
"Devin Aromashodu","wr",0,0,182,0,0,0,0,0,0,0,0
"Brian Quick","wr",0,0,156,2,0,0,0,0,0,0,0
"Mohamed Sanu","wr",0,0,154,4,0,0,0,0,0,0,0
"Brad Smith","wr",0,0,152,3,0,0,0,0,0,0,0
"Lestar Jean","wr",0,0,151,1,0,0,0,0,0,0,0
"Juron Criner","wr",0,0,151,1,0,0,0,0,0,0,0
"Rishard Matthews","wr",0,0,151,0,0,0,0,0,0,0,0
"Deion Branch","wr",0,0,145,0,0,0,0,0,0,0,0
"Jordan Norwood","wr",0,0,137,0,0,0,0,0,0,0,0
"Steve Smith","wr",0,0,131,0,0,0,0,0,0,0,0
"Cole Beasley","wr",0,0,128,0,0,0,0,0,0,0,0
"Kris Durham","wr",0,0,125,1,0,0,0,0,0,0,0
"Tandon Doss","wr",0,0,123,1,0,0,0,0,0,0,0
"Armanti Edwards","wr",0,0,121,0,0,0,0,0,0,0,0
"Dorin Dickerson","wr",0,0,117,0,0,0,0,0,0,0,0
"Marlon Moore","wr",0,0,116,1,0,0,0,0,0,0,0
"Kevin Elliott","wr",0,0,108,0,0,0,0,0,0,0,0
"Mike Thomas","wr",0,0,108,1,0,0,0,0,0,0,0
"Josh Cooper","wr",0,0,106,0,0,0,0,0,0,0,0
"Matt Willis","wr",0,0,90,0,0,0,0,0,0,0,0
"DeVier Posey","wr",0,0,87,0,0,0,0,0,0,0,0
"Keshawn Martin","wr",0,0,85,1,0,0,0,0,0,0,0
"Terrance Copper","wr",0,0,79,0,0,0,0,0,0,0,0
"Donald Driver","wr",0,0,77,2,0,0,0,0,0,0,0
"Steve Breaston","wr",0,0,74,0,0,0,0,0,0,0,0
"Jamar Newsome","wr",0,0,73,0,0,0,0,0,0,0,0
"Jabar Gaffney","wr",0,0,68,0,0,0,0,0,0,0,0
"David Reed","wr",0,0,66,0,0,0,0,0,0,0,0
"Donte' Stallworth","wr",0,0,63,1,0,0,0,0,0,0,0
"Joshua Cribbs","wr",0,0,63,0,0,0,0,0,0,0,0
"Lavelle Hawkins","wr",0,0,62,0,0,0,0,0,0,0,0
"Michael Preston","wr",0,0,59,0,0,0,0,0,0,0,0
"Ben Obomanu","wr",0,0,58,0,0,0,0,0,0,0,0
"Ryan Whalen","wr",0,0,53,0,0,0,0,0,0,0,0
"Devon Wylie","wr",0,0,53,0,0,0,0,0,0,0,0
"Deonte Thompson","wr",0,0,51,0,0,0,0,0,0,0,0
"Seyi Ajirotutu","wr",0,0,45,0,0,0,0,0,0,0,0
"Brian Robiskie","wr",0,0,44,1,0,0,0,0,0,0,0
"Greg Camarillo","wr",0,0,44,0,0,0,0,0,0,0,0
"Charly Martin","wr",0,0,42,0,0,0,0,0,0,0,0
"Plaxico Burress","wr",0,0,42,1,0,0,0,0,0,0,0
"Kealoha Pilares","wr",0,0,42,1,0,0,0,0,0,0,0
"Ruvell Martin","wr",0,0,41,0,0,0,0,0,0,0,0
"Toney Clemons","wr",0,0,41,0,0,0,0,0,0,0,0
"Drew Davis","wr",0,0,40,1,0,0,0,0,0,0,0
"Stephen Burton","wr",0,0,35,1,0,0,0,0,0,0,0
"David Nelson","wr",0,0,31,0,0,0,0,0,0,0,0
"Jermaine Kearse","wr",0,0,31,0,0,0,0,0,0,0,0
"Jarrett Boykin","wr",0,0,27,0,0,0,0,0,0,0,0
"Eric Weems","wr",0,0,27,0,0,0,0,0,0,0,0
"Arrelious Benn","wr",0,0,26,0,0,0,0,0,0,0,0
"Kris Adams","wr",0,0,26,0,0,0,0,0,0,0,0
"Chris Owusu","wr",0,0,24,0,0,0,0,0,0,0,0
"Jerrel Jernigan","wr",0,0,22,0,0,0,0,0,0,0,0
"Dezmon Briscoe","wr",0,0,22,0,0,0,0,0,0,0,0
"Legedu Naanee","wr",0,0,19,0,0,0,0,0,0,0,0
"Andre Caldwell","wr",0,0,18,0,0,0,0,0,0,0,0
"Trindon Holliday","wr",0,0,17,2,0,0,0,0,0,0,0
"Mardy Gilyard","wr",0,0,15,0,0,0,0,0,0,0,0
"Jason Hill","wr",0,0,15,1,0,0,0,0,0,0,0
"Brandon Banks","wr",0,0,15,0,0,0,0,0,0,0,0
"Sammie Stroughter","wr",0,0,14,0,0,0,0,0,0,0,0
"Jordan White","wr",0,0,13,0,0,0,0,0,0,0,0
"Anthony Armstrong","wr",0,0,12,0,0,0,0,0,0,0,0
"Andre Holmes","wr",0,0,11,0,0,0,0,0,0,0,0
"Courtney Roby","wr",0,0,9,0,0,0,0,0,0,0,0
"LaRon Byrd","wr",0,0,8,0,0,0,0,0,0,0,0
"Joe Adams","wr",0,0,7,0,0,0,0,0,0,0,0
"Dane Sanzenbacher","wr",0,0,7,0,0,0,0,0,0,0,0
"Austin Collie","wr",0,0,6,0,0,0,0,0,0,0,0
"Ted Ginn Jr.","wr",0,0,1,0,0,0,0,0,0,0,0
"Mike Brown","wr",0,0,0,0,0,0,0,0,0,0,0
"A.J. Jenkins","wr",0,0,0,0,0,0,0,0,0,0,0
"Kevin Cone","wr",0,0,0,0,0,0,0,0,0,0,0
"Kassim Osgood","wr",0,0,0,0,0,0,0,0,0,0,0
"Roscoe Parrish","wr",0,0,0,0,0,0,0,0,0,0,0
"LaQuan Williams","wr",0,0,0,0,0,0,0,0,0,0,0
"David Gilreath","wr",0,0,0,0,0,0,0,0,0,0,0
"Richard Goodman","wr",0,0,0,0,0,0,0,0,0,0,0
"Marvin McNutt","wr",0,0,0,0,0,0,0,0,0,0,0
"Patrick Turner","wr",0,0,0,0,0,0,0,0,0,0,0
"Matthew Slater","wr",0,0,0,0,0,0,0,0,0,0,0
"David Gettis","wr",0,0,0,0,0,0,0,0,0,0,0
"Joe Webb","wr",0,0,0,0,0,0,0,0,0,0,0
"Preston Parker","wr",0,0,0,0,0,0,0,0,0,0,0
"Nathan Palmer","wr",0,0,-4,0,0,0,0,0,0,0,0
"Josh Bellamy","wr",0,0,0,0,0,0,0,0,0,0,0
"Jeremy Ross","wr",0,0,0,0,0,0,0,0,0,0,0
"Quan Cosby","wr",0,0,0,0,0,0,0,0,0,0,0
"Marcus Easley","wr",0,0,0,0,0,0,0,0,0,0,0
"Jason Witten","te",0,0,1039,3,0,0,0,0,0,0,0
"Jimmy Graham","te",0,0,982,9,0,0,0,0,0,0,0
"Tony Gonzalez","te",0,0,930,8,0,0,0,0,0,0,0
"Greg Olsen","te",0,0,843,5,0,0,0,0,0,0,0
"Heath Miller","te",0,0,816,8,0,0,0,0,0,0,0
"Brandon Myers","te",0,0,806,4,0,0,0,0,0,0,0
"Rob Gronkowski","te",0,0,790,11,0,0,0,0,0,0,0
"Jermaine Gresham","te",0,0,737,5,0,0,0,0,0,0,0
"Owen Daniels","te",0,0,716,6,0,0,0,0,0,0,0
"Brent Celek","te",0,0,684,1,0,0,0,0,0,0,0
"Dennis Pitta","te",0,0,669,7,0,0,0,0,0,0,0
"Jermichael Finley","te",0,0,667,2,0,0,0,0,0,0,0
"Martellus Bennett","te",0,0,626,5,0,0,0,0,0,0,0
"Scott Chandler","te",0,0,571,6,0,0,0,0,0,0,0
"Brandon Pettigrew","te",0,0,567,3,0,0,0,0,0,0,0
"Jacob Tamme","te",0,0,555,2,0,0,0,0,0,0,0
"Vernon Davis","te",0,0,548,5,0,0,0,0,0,0,0
"Marcedes Lewis","te",0,0,540,4,0,0,0,0,0,0,0
"Antonio Gates","te",0,0,538,7,0,0,0,0,0,0,0
"Jared Cook","te",0,0,523,4,0,0,0,0,0,0,0
"Dwayne Allen","te",0,0,521,3,0,0,0,0,0,0,0
"Lance Kendricks","te",0,0,519,4,0,0,0,0,0,0,0
"Tony Scheffler","te",0,0,504,1,0,0,0,0,0,0,0
"Benjamin Watson","te",0,0,501,3,0,0,0,0,0,0,0
"Kyle Rudolph","te",0,0,493,9,0,0,0,0,0,0,0
"Aaron Hernandez","te",0,0,483,5,0,0,0,0,0,0,0
"Tony Moeaki","te",0,0,453,1,0,0,0,0,0,0,0
"Dallas Clark","te",0,0,435,4,0,0,0,0,0,0,0
"Rob Housler","te",0,0,417,0,0,0,0,0,0,0,0
"Zach Miller","te",0,0,396,3,0,0,0,0,0,0,0
"Jeff Cumberland","te",0,0,359,3,0,0,0,0,0,0,0
"Joel Dreessen","te",0,0,356,5,0,0,0,0,0,0,0
"Delanie Walker","te",0,0,344,3,0,0,0,0,0,0,0
"Anthony Fasano","te",0,0,332,5,0,0,0,0,0,0,0
"James Casey","te",0,0,330,3,0,0,0,0,0,0,0
"Fred Davis","te",0,0,325,0,0,0,0,0,0,0,0
"Dustin Keller","te",0,0,317,2,0,0,0,0,0,0,0
"Logan Paulsen","te",0,0,308,1,0,0,0,0,0,0,0
"Anthony McCoy","te",0,0,291,3,0,0,0,0,0,0,0
"Coby Fleener","te",0,0,281,2,0,0,0,0,0,0,0
"Craig Stevens","te",0,0,275,1,0,0,0,0,0,0,0
"Garrett Graham","te",0,0,263,3,0,0,0,0,0,0,0
"Kellen Davis","te",0,0,229,2,0,0,0,0,0,0,0
"Jordan Cameron","te",0,0,226,1,0,0,0,0,0,0,0
"Ed Dickson","te",0,0,225,0,0,0,0,0,0,0,0
"Charles Clay","te",0,0,212,2,0,0,0,0,0,0,0
"Tom Crabtree","te",0,0,203,3,0,0,0,0,0,0,0
"Clay Harbor","te",0,0,186,2,0,0,0,0,0,0,0
"Luke Stocker","te",0,0,165,1,0,0,0,0,0,0,0
"Niles Paul","te",0,0,152,1,0,0,0,0,0,0,0
"Will Heller","te",0,0,150,1,0,0,0,0,0,0,0
"Jeff King","te",0,0,129,0,0,0,0,0,0,0,0
"Michael Hoomanawanui","te",0,0,109,0,0,0,0,0,0,0,0
"Orson Charles","te",0,0,101,0,0,0,0,0,0,0,0
"Dante Rosario","te",0,0,95,3,0,0,0,0,0,0,0
"Todd Heap","te",0,0,94,0,0,0,0,0,0,0,0
"David Ausberry","te",0,0,92,0,0,0,0,0,0,0,0
"James Hanna","te",0,0,86,0,0,0,0,0,0,0,0
"David Thomas","te",0,0,86,4,0,0,0,0,0,0,0
"Daniel Fells","te",0,0,85,0,0,0,0,0,0,0,0
"Matthew Mulligan","te",0,0,84,1,0,0,0,0,0,0,0
"Konrad Reuland","te",0,0,83,0,0,0,0,0,0,0,0
"Gary Barnidge","te",0,0,78,1,0,0,0,0,0,0,0
"Kevin Boss","te",0,0,65,1,0,0,0,0,0,0,0
"Virgil Green","te",0,0,63,0,0,0,0,0,0,0,0
"D.J. Williams","te",0,0,57,0,0,0,0,0,0,0,0
"Ladarius Green","te",0,0,56,0,0,0,0,0,0,0,0
"John Phillips","te",0,0,55,1,0,0,0,0,0,0,0
"David Paulson","te",0,0,51,0,0,0,0,0,0,0,0
"Steve Maneri","te",0,0,51,0,0,0,0,0,0,0,0
"Garrett Celek","te",0,0,51,0,0,0,0,0,0,0,0
"Randy McMichael","te",0,0,51,0,0,0,0,0,0,0,0
"Alex Smith","te",0,0,47,0,0,0,0,0,0,0,0
"Taylor Thompson","te",0,0,46,0,0,0,0,0,0,0,0
"John Carlson","te",0,0,43,0,0,0,0,0,0,0,0
"Kyle Adams","te",0,0,40,0,0,0,0,0,0,0,0
"Bear Pascoe","te",0,0,35,1,0,0,0,0,0,0,0
"Mike McNeill","te",0,0,31,0,0,0,0,0,0,0,0
"Ben Hartsock","te",0,0,30,0,0,0,0,0,0,0,0
"Matt Spaeth","te",0,0,28,1,0,0,0,0,0,0,0
"Michael Palmer","te",0,0,22,1,0,0,0,0,0,0,0
"Cory Harkey","te",0,0,21,0,0,0,0,0,0,0,0
"Jake O'Connell","te",0,0,18,0,0,0,0,0,0,0,0
"Nate Byham","te",0,0,18,1,0,0,0,0,0,0,0
"Hayden Smith","te",0,0,16,0,0,0,0,0,0,0,0
"Weslye Saunders","te",0,0,15,0,0,0,0,0,0,0,0
"Jim Dray","te",0,0,15,0,0,0,0,0,0,0,0
"Allen Reisner","te",0,0,13,0,0,0,0,0,0,0,0
"Lee Smith","te",0,0,13,2,0,0,0,0,0,0,0
"Kellen Winslow","te",0,0,12,0,0,0,0,0,0,0,0
"Ryan Taylor","te",0,0,11,0,0,0,0,0,0,0,0
"Chase Coffman","te",0,0,11,0,0,0,0,0,0,0,0
"Leonard Pope","te",0,0,9,2,0,0,0,0,0,0,0
"Dedrick Epps","te",0,0,9,0,0,0,0,0,0,0,0
"Richard Gordon","te",0,0,9,1,0,0,0,0,0,0,0
"Dominique Jones","te",0,0,8,0,0,0,0,0,0,0,0
"Chris Cooley","te",0,0,8,0,0,0,0,0,0,0,0
"Tommy Gallarda","te",0,0,7,0,0,0,0,0,0,0,0
"Evan Moore","te",0,0,6,0,0,0,0,0,0,0,0
"Isaiah Stanback","te",0,0,6,0,0,0,0,0,0,0,0
"Zach Potter","te",0,0,6,0,0,0,0,0,0,0,0
"Brad Smelley","te",0,0,3,0,0,0,0,0,0,0,0
"Stephen Spach","te",0,0,0,0,0,0,0,0,0,0,0
"Brian Jennings","te",0,0,0,0,0,0,0,0,0,0,0
"Travis Beckum","te",0,0,0,0,0,0,0,0,0,0,0
"Justin Snow","te",0,0,0,0,0,0,0,0,0,0,0
"Julius Thomas","te",0,0,0,0,0,0,0,0,0,0,0
"Mike Leach","te",0,0,0,0,0,0,0,0,0,0,0
"Billy Bajema","te",0,0,0,0,0,0,0,0,0,0,0
"Colin Cloherty","te",0,0,0,0,0,0,0,0,0,0,0
"Richie Brockel","te",0,0,0,0,0,0,0,0,0,0,0
"Jeron Mastrud","te",0,0,0,0,0,0,0,0,0,0,0
"Daniel Graham","te",0,0,0,0,0,0,0,0,0,0,0
"Maurice Stovall","te",0,0,0,0,0,0,0,0,0,0,0
"Visanthe Shiancoe","te",0,0,0,0,0,0,0,0,0,0,0
"Michael Higgins","te",0,0,-3,0,0,0,0,0,0,0,0
